Book ID,Size,Views,Likes,Rating,avg_sentence_length,std_sentence_length,sentence_count,complex_sentence_ratio,avg_subordinate_clauses,avg_tree_depth,sentence_depths,avg_commas_per_sentence,exclamation_count,question_count,ellipsis_count,participial_count,gerund_count,infinitive_count,participial_gerund_ratio,infinitive_ratio,direct_speech_count,direct_speech_ratio,total_tokens
6522,31968,3978,30,0.0075414781297134,14.017191977077363,9.431832997967291,349,0.4157303370786517,0.5393258426966292,4.769662921348314,"[4, 2, 5, 2, 5, 4, 3, 5, 2, 3, 7, 7, 9, 6, 4, 7, 10, 4, 2, 3, 7, 4, 6, 2, 4, 9, 9, 6, 3, 3, 2, 9, 5, 4, 6, 4, 7, 3, 7, 8, 5, 8, 3, 7, 3, 6, 5, 10, 5, 3, 7, 5, 5, 7, 4, 6, 6, 4, 4, 2, 2, 5, 5, 4, 4, 5, 6, 4, 3, 9, 4, 4, 5, 4, 3, 3, 4, 4, 4, 3, 2, 5, 3, 2, 3, 3, 7, 6, 3, 4, 3, 5, 2, 3, 2, 5, 5, 2, 7, 3, 7, 5, 4, 2, 10, 4, 6, 6, 5, 6, 4, 4, 4, 5, 5, 5, 8, 6, 5, 7, 6, 6, 4, 6, 8, 7, 2, 7, 5, 4, 5, 5, 5, 7, 4, 6, 7, 7, 3, 2, 3, 3, 3, 2, 2, 6, 5, 7, 6, 5, 8, 3, 5, 3, 3, 5, 3, 6, 4, 4, 7, 7, 3, 5, 2, 6, 3, 3, 5, 4, 9, 9, 3, 5, 6, 5, 5, 5, 6, 2, 6, 10, 2, 3, 5, 5, 5, 2, 5, 5, 10, 2, 5, 4, 4, 7, 4, 8, 5, 5, 5, 4, 4, 6, 11, 3, 7, 7, 4, 2, 7, 5, 9, 9, 7, 2, 6, 10, 5, 6, 4, 5, 8, 2, 5, 4, 4, 6, 5, 6, 4, 5, 4, 3, 4, 4, 5, 8, 6, 4, 5, 3, 5, 11, 7, 11, 5, 5, 6, 5, 3, 7, 5, 5, 2, 5, 5, 4, 6, 3, 3, 6, 3, 3, 2, 5, 3, 3, 3, 2, 5, 4, 7, 4, 5, 7, 2, 2, 3, 5, 2, 3, 5, 7, 4, 4, 4, 6, 3, 5, 5, 4, 4, 8, 2, 5, 3, 5, 4, 3, 5, 6, 6, 2, 5, 4, 4, 2, 7, 2, 3, 2, 4, 3, 5, 7, 3, 4, 5, 3, 3, 3, 4, 3, 3, 5, 3, 3, 4, 9, 4, 5, 4, 5, 3, 7, 4, 6, 5, 4, 6, 5, 7, 4, 3, 3, 6, 7, 6, 3, 4, 6, 7, 3, 2, 2]",1.5759312320916905,15,32,1,72,61,185,0.027187244480784956,0.03781684382665577,55,0.15759312320916904,4892
226019,29998,1546,27,0.0174644243208279,9.9375,6.442353218259172,448,0.23516483516483516,0.27472527472527475,4.09010989010989,"[3, 5, 3, 3, 2, 4, 7, 2, 3, 3, 2, 4, 5, 7, 4, 4, 5, 5, 3, 5, 4, 3, 5, 2, 6, 4, 3, 5, 3, 3, 3, 3, 2, 2, 2, 4, 2, 4, 4, 4, 7, 4, 5, 6, 6, 3, 5, 2, 3, 2, 3, 7, 4, 2, 6, 3, 4, 3, 4, 3, 4, 2, 3, 3, 7, 3, 4, 3, 4, 4, 3, 2, 4, 4, 4, 3, 5, 3, 4, 7, 5, 5, 5, 6, 7, 3, 3, 5, 9, 4, 5, 6, 4, 2, 4, 2, 3, 2, 3, 3, 3, 6, 4, 3, 3, 4, 5, 6, 4, 5, 2, 2, 2, 3, 5, 5, 3, 2, 4, 2, 2, 2, 4, 4, 4, 3, 5, 3, 3, 4, 3, 2, 2, 4, 2, 2, 3, 4, 3, 6, 4, 2, 3, 4, 2, 2, 2, 4, 2, 4, 6, 2, 3, 3, 4, 3, 2, 3, 4, 5, 3, 4, 2, 3, 3, 5, 6, 3, 2, 5, 3, 4, 2, 3, 3, 3, 4, 4, 4, 4, 3, 5, 4, 4, 6, 2, 4, 7, 3, 4, 6, 4, 2, 2, 2, 3, 3, 5, 5, 2, 3, 3, 4, 4, 4, 4, 5, 5, 7, 4, 5, 5, 3, 2, 3, 3, 5, 4, 7, 6, 3, 6, 6, 6, 4, 3, 2, 4, 2, 3, 4, 2, 8, 3, 7, 3, 7, 5, 6, 5, 7, 4, 7, 5, 6, 3, 2, 2, 5, 5, 6, 5, 4, 4, 5, 6, 3, 7, 4, 3, 4, 4, 3, 4, 5, 8, 4, 3, 4, 4, 3, 6, 7, 5, 5, 6, 4, 4, 6, 7, 4, 6, 3, 5, 3, 3, 4, 4, 5, 4, 6, 5, 5, 5, 3, 5, 4, 4, 6, 3, 5, 5, 6, 5, 5, 7, 4, 4, 4, 4, 8, 7, 2, 6, 4, 4, 2, 3, 5, 7, 5, 4, 5, 5, 6, 6, 4, 6, 5, 2, 3, 4, 4, 4, 5, 5, 3, 3, 6, 6, 5, 4, 4, 5, 4, 5, 6, 4, 5, 3, 5, 3, 3, 4, 4, 6, 4, 6, 5, 5, 4, 4, 3, 7, 5, 4, 7, 4, 2, 5, 6, 3, 2, 4, 5, 5, 2, 5, 3, 3, 3, 4, 4, 3, 3, 4, 5, 3, 4, 4, 5, 5, 6, 5, 5, 4, 7, 6, 3, 3, 5, 3, 9, 4, 3, 5, 3, 2, 2, 6, 4, 2, 4, 6, 2, 5, 4, 3, 8, 9, 4, 5, 3, 5, 5, 5, 4, 3, 6, 4, 5, 4, 5, 5, 4, 7, 2, 2, 2, 2, 5, 4, 6, 5, 4, 2, 2, 2, 5, 3, 4, 3, 3, 2, 3]",1.1160714285714286,46,42,5,69,89,113,0.035489667565139264,0.025381850853548965,0,0.0,4452
18729,53806,2258,5,0.0022143489813994,9.860606060606061,6.564557092936243,825,0.30036188178528345,0.34499396863691195,4.048250904704463,"[5, 7, 5, 9, 6, 4, 5, 2, 3, 3, 2, 2, 3, 4, 3, 2, 3, 4, 2, 4, 4, 4, 8, 4, 4, 3, 6, 5, 3, 6, 2, 6, 3, 5, 4, 5, 5, 4, 5, 3, 4, 5, 4, 3, 3, 4, 5, 5, 4, 3, 2, 2, 2, 4, 4, 3, 3, 4, 3, 3, 5, 3, 2, 4, 8, 4, 5, 4, 3, 6, 5, 6, 3, 4, 2, 4, 3, 3, 6, 5, 4, 3, 3, 5, 4, 3, 3, 3, 3, 3, 4, 4, 5, 2, 4, 6, 3, 6, 4, 2, 3, 4, 4, 6, 5, 3, 6, 3, 6, 2, 5, 4, 7, 5, 4, 5, 6, 4, 4, 4, 5, 3, 4, 12, 5, 6, 6, 6, 5, 3, 8, 4, 4, 5, 2, 4, 2, 4, 5, 3, 3, 4, 5, 7, 3, 2, 4, 2, 4, 2, 5, 2, 5, 3, 3, 3, 2, 2, 3, 2, 5, 2, 4, 2, 5, 4, 3, 3, 3, 3, 3, 3, 2, 4, 3, 2, 5, 4, 6, 5, 6, 5, 4, 3, 4, 3, 4, 6, 7, 3, 3, 2, 3, 2, 3, 2, 7, 4, 3, 3, 2, 4, 9, 2, 3, 5, 2, 5, 3, 3, 5, 8, 8, 2, 2, 3, 4, 9, 5, 4, 3, 3, 2, 3, 3, 2, 2, 4, 4, 6, 2, 3, 7, 2, 2, 2, 3, 4, 4, 2, 2, 3, 2, 2, 2, 2, 3, 3, 2, 3, 4, 4, 2, 3, 3, 3, 2, 4, 3, 3, 3, 9, 3, 4, 2, 4, 3, 4, 3, 2, 3, 3, 3, 4, 2, 2, 2, 3, 4, 3, 2, 3, 4, 5, 4, 3, 4, 3, 3, 2, 2, 2, 6, 4, 2, 2, 3, 3, 8, 2, 2, 3, 5, 4, 5, 3, 2, 3, 2, 3, 3, 3, 2, 5, 4, 2, 2, 5, 3, 7, 6, 3, 3, 4, 5, 3, 2, 4, 4, 3, 3, 4, 3, 3, 3, 3, 3, 5, 7, 3, 3, 3, 5, 3, 3, 5, 5, 4, 2, 2, 3, 4, 3, 5, 3, 4, 2, 6, 5, 4, 5, 5, 5, 6, 7, 5, 5, 5, 4, 7, 4, 2, 6, 4, 5, 9, 6, 4, 3, 3, 4, 7, 8, 4, 3, 2, 4, 6, 4, 7, 4, 4, 6, 4, 6, 5, 4, 4, 5, 4, 2, 4, 4, 5, 5, 5, 5, 4, 5, 3, 4, 3, 6, 5, 3, 5, 3, 3, 2, 6, 4, 5, 4, 4, 3, 4, 2, 4, 2, 3, 4, 4, 4, 7, 4, 8, 6, 4, 2, 3, 6, 3, 5, 6, 4, 7, 3, 6, 6, 4, 4, 3, 6, 6, 4, 2, 5, 3, 4, 3, 2, 3, 5, 5, 8, 4, 5, 7, 4, 8, 6, 5, 3, 5, 5, 3, 6, 6, 8, 2, 2, 3, 8, 4, 4, 2, 5, 4, 2, 5, 6, 4, 3, 5, 4, 9, 5, 3, 4, 2, 4, 4, 5, 6, 4, 5, 2, 3, 3, 4, 4, 2, 3, 2, 5, 3, 3, 5, 3, 4, 4, 3, 4, 4, 3, 2, 4, 2, 3, 5, 5, 3, 2, 2, 4, 5, 6, 7, 4, 4, 4, 4, 3, 3, 3, 2, 4, 4, 4, 3, 3, 3, 5, 5, 3, 2, 2, 3, 3, 4, 2, 4, 5, 4, 5, 3, 3, 5, 2, 3, 5, 2, 5, 3, 4, 3, 2, 3, 4, 2, 7, 4, 5, 4, 4, 4, 4, 2, 2, 2, 2, 3, 5, 6, 3, 2, 2, 2, 4, 9, 4, 3, 6, 7, 4, 4, 4, 5, 4, 3, 8, 3, 2, 3, 5, 5, 3, 3, 3, 4, 3, 2, 2, 3, 5, 3, 3, 6, 4, 4, 5, 5, 3, 4, 4, 2, 5, 3, 4, 6, 3, 5, 3, 4, 2, 5, 4, 4, 3, 8, 2, 3, 2, 7, 7, 6, 4, 3, 4, 3, 4, 4, 6, 8, 6, 3, 3, 4, 7, 5, 4, 5, 6, 6, 5, 5, 3, 4, 8, 7, 8, 5, 4, 6, 3, 5, 4, 4, 2, 4, 4, 4, 5, 4, 2, 4, 3, 5, 3, 4, 3, 6, 5, 3, 6, 4, 4, 4, 7, 6, 4, 3, 2, 3, 3, 2, 5, 4, 6, 3, 12, 5, 4, 2, 7, 5, 6, 3, 5, 4, 5, 6, 6, 5, 5, 2, 4, 4, 2, 4, 3, 4, 4, 5, 3, 6, 5, 5, 5, 4, 6, 4, 5, 7, 4, 3, 4, 2, 5, 4, 6, 7, 6, 4, 4, 6, 3, 3, 6, 5, 7, 4, 6, 3, 2, 3, 3, 4, 3, 6, 3, 8, 6, 4, 4, 6, 3, 4, 2, 4, 7, 2, 2, 2, 3, 3, 3, 3, 5, 7, 5, 2, 5, 4, 3, 4, 5, 8, 5, 7, 5, 6, 3, 5, 5, 3, 6, 6, 7, 3, 6, 9, 7, 5, 4, 3, 5, 5, 4]",1.1406060606060606,60,104,17,117,127,293,0.02999385371850031,0.03601720958819914,195,0.23636363636363636,8135
272208,25092,1340,42,0.0313432835820895,10.155737704918034,6.396515093760932,366,0.273972602739726,0.336986301369863,4.191780821917808,"[5, 4, 5, 5, 4, 6, 4, 6, 5, 4, 3, 3, 4, 4, 7, 5, 3, 3, 4, 2, 3, 3, 3, 4, 3, 6, 4, 5, 4, 2, 8, 5, 2, 3, 3, 8, 5, 6, 4, 5, 5, 4, 6, 3, 2, 7, 5, 4, 4, 3, 4, 7, 3, 5, 7, 5, 2, 2, 2, 6, 7, 5, 2, 3, 5, 5, 3, 5, 5, 3, 3, 4, 2, 3, 4, 4, 3, 6, 3, 3, 2, 3, 3, 2, 5, 4, 4, 6, 3, 4, 5, 10, 4, 5, 5, 7, 2, 4, 3, 3, 5, 2, 2, 4, 3, 3, 4, 4, 6, 2, 3, 4, 4, 4, 6, 4, 5, 4, 10, 4, 2, 8, 7, 2, 6, 3, 5, 5, 4, 3, 6, 3, 3, 4, 6, 3, 6, 4, 3, 7, 5, 3, 5, 5, 5, 6, 10, 4, 5, 5, 4, 4, 7, 3, 6, 6, 7, 7, 4, 4, 5, 4, 4, 4, 4, 3, 3, 4, 7, 4, 2, 4, 2, 3, 6, 6, 2, 4, 3, 2, 3, 3, 2, 3, 3, 4, 3, 3, 3, 5, 3, 2, 3, 4, 3, 3, 4, 5, 6, 6, 3, 4, 4, 3, 7, 4, 6, 3, 5, 4, 3, 3, 2, 3, 5, 2, 3, 4, 6, 4, 2, 4, 2, 3, 3, 5, 5, 6, 4, 5, 4, 3, 2, 3, 6, 4, 3, 6, 4, 6, 5, 3, 8, 5, 3, 4, 6, 5, 4, 8, 7, 2, 3, 2, 2, 3, 4, 3, 7, 3, 4, 4, 3, 4, 6, 3, 3, 4, 6, 3, 3, 6, 3, 5, 4, 2, 5, 3, 4, 4, 3, 2, 3, 5, 5, 2, 3, 4, 4, 5, 5, 5, 3, 3, 3, 5, 5, 5, 5, 7, 7, 8, 6, 2, 5, 5, 5, 2, 4, 4, 3, 3, 3, 3, 3, 4, 3, 5, 5, 3, 5, 4, 6, 3, 3, 4, 4, 3, 4, 5, 5, 6, 5, 5, 4, 4, 3, 4, 4, 5, 5, 6, 5, 3, 7, 5, 4, 5, 4, 4, 3, 3, 5, 2, 7, 5, 6, 3, 3, 6, 3, 4, 3, 5, 4]",1.2322404371584699,29,67,18,49,29,100,0.020984665052461663,0.026903416733925208,109,0.2978142076502732,3717
231026,46382,1237,12,0.009700889248181,8.318237454100368,5.931518737784085,817,0.2046004842615012,0.2457627118644068,3.8946731234866827,"[6, 6, 5, 4, 6, 5, 8, 4, 2, 4, 3, 5, 2, 3, 5, 4, 4, 7, 5, 3, 6, 4, 4, 2, 7, 5, 3, 3, 6, 4, 7, 2, 7, 6, 4, 4, 5, 5, 4, 3, 3, 1, 3, 4, 4, 4, 3, 4, 2, 2, 4, 3, 3, 3, 2, 3, 3, 2, 4, 5, 2, 2, 4, 10, 4, 2, 7, 3, 7, 3, 3, 4, 7, 3, 2, 2, 6, 2, 3, 6, 3, 2, 5, 5, 5, 2, 3, 4, 3, 5, 3, 2, 3, 5, 3, 2, 2, 4, 3, 3, 5, 8, 7, 4, 4, 3, 6, 4, 8, 4, 4, 6, 5, 5, 5, 8, 4, 2, 5, 6, 5, 5, 5, 4, 4, 6, 2, 2, 2, 3, 4, 4, 4, 5, 2, 5, 4, 5, 2, 4, 3, 4, 2, 4, 5, 3, 4, 5, 4, 5, 2, 3, 5, 3, 4, 3, 6, 3, 5, 3, 2, 6, 4, 4, 5, 2, 3, 2, 4, 5, 3, 4, 3, 8, 3, 3, 7, 3, 4, 7, 3, 2, 5, 6, 6, 5, 5, 5, 3, 6, 6, 7, 4, 2, 6, 2, 2, 2, 3, 4, 4, 3, 3, 5, 2, 3, 4, 2, 4, 3, 4, 4, 4, 2, 3, 3, 4, 4, 7, 4, 3, 3, 9, 4, 6, 5, 5, 5, 9, 7, 6, 4, 6, 5, 8, 8, 5, 8, 3, 4, 5, 4, 3, 4, 4, 4, 2, 3, 4, 4, 6, 5, 3, 2, 4, 3, 4, 6, 5, 4, 5, 5, 3, 5, 7, 4, 5, 2, 7, 3, 3, 5, 4, 3, 4, 5, 5, 7, 3, 5, 3, 3, 3, 3, 3, 2, 4, 2, 3, 3, 4, 5, 6, 6, 3, 3, 2, 3, 3, 5, 3, 5, 4, 7, 4, 4, 2, 3, 5, 7, 6, 4, 3, 5, 4, 3, 2, 4, 4, 2, 5, 8, 7, 4, 4, 3, 2, 2, 4, 5, 5, 2, 3, 4, 3, 6, 2, 4, 4, 4, 6, 7, 3, 4, 2, 2, 3, 2, 2, 6, 2, 6, 6, 5, 5, 4, 4, 2, 6, 5, 3, 5, 6, 2, 5, 4, 4, 7, 4, 3, 2, 2, 3, 2, 3, 2, 3, 3, 4, 3, 4, 4, 5, 3, 4, 5, 5, 2, 6, 4, 5, 3, 6, 2, 2, 4, 5, 3, 6, 2, 2, 2, 4, 4, 4, 3, 5, 4, 3, 4, 4, 5, 3, 5, 5, 2, 2, 4, 3, 3, 4, 3, 2, 5, 3, 3, 3, 2, 2, 2, 3, 3, 3, 2, 2, 3, 6, 5, 4, 4, 5, 8, 3, 3, 3, 6, 5, 5, 5, 5, 5, 7, 1, 2, 4, 3, 3, 5, 4, 4, 3, 2, 2, 3, 3, 2, 3, 3, 4, 6, 5, 2, 3, 3, 2, 3, 6, 4, 2, 5, 2, 4, 3, 5, 2, 2, 2, 3, 3, 4, 3, 2, 3, 2, 3, 6, 3, 2, 4, 4, 4, 3, 6, 5, 6, 5, 6, 2, 4, 6, 3, 6, 5, 6, 2, 5, 5, 6, 7, 5, 2, 4, 3, 3, 2, 3, 2, 4, 7, 4, 2, 8, 5, 4, 2, 4, 2, 3, 5, 4, 4, 6, 5, 4, 3, 5, 8, 3, 5, 7, 4, 7, 2, 3, 4, 6, 5, 4, 3, 2, 6, 5, 4, 3, 5, 4, 4, 6, 5, 4, 4, 3, 6, 5, 2, 4, 3, 3, 5, 3, 4, 4, 8, 4, 2, 5, 2, 3, 4, 3, 7, 5, 5, 5, 2, 4, 7, 5, 5, 5, 4, 7, 5, 4, 6, 2, 3, 3, 4, 2, 2, 4, 5, 3, 5, 4, 2, 3, 4, 3, 3, 2, 6, 3, 4, 6, 3, 3, 3, 6, 3, 6, 2, 2, 4, 2, 3, 3, 3, 2, 4, 2, 4, 3, 3, 4, 5, 4, 2, 3, 4, 2, 2, 3, 3, 3, 3, 4, 4, 7, 4, 2, 3, 7, 2, 6, 5, 3, 2, 4, 5, 8, 3, 2, 3, 2, 2, 2, 5, 5, 2, 4, 6, 3, 2, 2, 6, 3, 2, 2, 4, 4, 4, 3, 4, 2, 4, 2, 3, 2, 3, 2, 7, 2, 4, 2, 2, 4, 4, 4, 2, 2, 4, 2, 2, 5, 7, 5, 2, 2, 4, 3, 5, 4, 5, 4, 3, 2, 3, 4, 4, 5, 4, 7, 4, 3, 3, 5, 2, 4, 5, 3, 5, 2, 6, 4, 3, 4, 2, 2, 2, 2, 5, 3, 2, 5, 3, 2, 2, 3, 8, 4, 7, 5, 10, 6, 5, 7, 4, 3, 2, 5, 3, 4, 2, 3, 4, 2, 4, 3, 4, 2, 2, 2, 3, 2, 2, 6, 2, 3, 6, 2, 5, 4, 2, 2, 7, 6, 6, 2, 2, 2, 2, 3, 4, 3, 3, 3, 5, 2, 2, 4, 3, 3, 5, 5, 4, 2, 3, 2, 2, 3, 5, 4, 2, 2]",1.0795593635250917,64,99,0,128,118,183,0.036197763390229544,0.02692760447321954,295,0.36107711138310894,6796
15007,23148,5019,49,0.00976290097629,10.78834355828221,5.546556993174018,326,0.281437125748503,0.3323353293413174,4.323353293413174,"[4, 5, 5, 5, 6, 5, 4, 5, 5, 6, 6, 4, 7, 4, 5, 6, 5, 4, 4, 5, 6, 5, 6, 3, 5, 3, 6, 4, 7, 5, 5, 6, 5, 4, 6, 7, 4, 5, 3, 4, 5, 5, 3, 4, 4, 4, 5, 4, 3, 6, 3, 3, 5, 3, 3, 3, 3, 3, 5, 4, 4, 3, 4, 5, 5, 5, 4, 8, 6, 4, 5, 6, 4, 5, 11, 5, 3, 5, 5, 4, 4, 4, 3, 5, 3, 3, 5, 5, 3, 3, 3, 4, 4, 2, 8, 4, 8, 5, 6, 5, 7, 3, 3, 5, 4, 3, 5, 5, 7, 5, 7, 3, 4, 6, 2, 2, 6, 2, 2, 4, 3, 6, 3, 3, 3, 5, 7, 4, 5, 3, 7, 5, 3, 4, 7, 3, 5, 4, 4, 3, 5, 3, 4, 5, 6, 5, 5, 4, 2, 4, 6, 3, 6, 6, 4, 2, 3, 6, 2, 3, 4, 3, 4, 5, 3, 5, 2, 7, 4, 3, 4, 2, 4, 4, 6, 2, 4, 4, 5, 2, 2, 2, 7, 3, 2, 4, 5, 3, 3, 3, 3, 5, 4, 4, 5, 4, 4, 4, 3, 5, 6, 4, 4, 3, 6, 7, 3, 4, 5, 7, 6, 4, 3, 4, 4, 3, 2, 7, 3, 2, 4, 5, 4, 3, 4, 2, 4, 2, 4, 3, 3, 3, 6, 3, 5, 4, 5, 8, 5, 3, 3, 4, 4, 3, 2, 3, 5, 2, 4, 3, 5, 3, 5, 4, 4, 4, 4, 6, 5, 6, 3, 5, 4, 3, 3, 3, 3, 3, 5, 5, 3, 5, 4, 7, 4, 4, 5, 4, 4, 4, 6, 6, 3, 5, 5, 5, 3, 8, 3, 5, 4, 4, 4, 2, 7, 5, 4, 6, 4, 4, 5, 3, 4, 4, 4, 2, 6, 4, 3, 3, 3, 6, 4, 6, 6, 4, 5, 5, 2, 4, 4, 7, 5, 4, 3, 5, 6, 5, 6, 4, 3, 6, 5, 5]",1.322085889570552,27,18,7,53,65,91,0.03355132214955928,0.02587432470855843,0,0.0,3517
153682,26952,1996,47,0.0235470941883767,10.012376237623762,7.1292460455642335,404,0.28078817733990147,0.35467980295566504,4.100985221674877,"[6, 4, 4, 2, 2, 4, 2, 4, 2, 3, 3, 3, 4, 7, 8, 5, 4, 4, 6, 3, 4, 3, 3, 4, 6, 5, 7, 5, 3, 4, 4, 4, 4, 5, 2, 3, 5, 3, 3, 3, 5, 3, 4, 5, 7, 5, 3, 10, 7, 3, 2, 9, 4, 5, 3, 3, 4, 6, 4, 4, 3, 5, 8, 6, 3, 5, 5, 6, 4, 6, 4, 2, 3, 5, 4, 3, 4, 4, 7, 3, 2, 2, 3, 6, 2, 8, 2, 2, 4, 3, 4, 2, 3, 4, 4, 2, 4, 5, 4, 4, 4, 4, 3, 3, 2, 2, 3, 4, 2, 5, 3, 3, 10, 4, 3, 3, 3, 2, 2, 2, 3, 4, 4, 4, 3, 4, 5, 4, 3, 3, 7, 2, 5, 3, 3, 3, 4, 8, 2, 3, 3, 5, 7, 3, 3, 4, 6, 4, 2, 4, 3, 5, 5, 3, 3, 3, 6, 3, 3, 6, 3, 2, 6, 5, 3, 4, 3, 5, 5, 4, 4, 8, 4, 4, 4, 4, 5, 2, 3, 2, 3, 2, 4, 4, 4, 4, 3, 2, 4, 5, 2, 2, 4, 7, 4, 5, 4, 2, 4, 3, 6, 3, 9, 6, 6, 5, 4, 6, 5, 4, 5, 4, 3, 5, 7, 6, 4, 3, 3, 5, 4, 4, 9, 4, 4, 3, 2, 6, 3, 6, 3, 3, 5, 4, 5, 5, 6, 3, 3, 3, 5, 4, 5, 3, 3, 6, 3, 6, 5, 8, 3, 4, 4, 3, 3, 2, 4, 7, 4, 2, 6, 5, 4, 4, 5, 3, 5, 2, 5, 5, 4, 3, 2, 4, 4, 4, 5, 4, 4, 3, 4, 4, 4, 4, 3, 4, 6, 5, 6, 6, 3, 3, 5, 3, 5, 6, 5, 2, 4, 3, 3, 3, 6, 9, 4, 2, 2, 4, 2, 3, 5, 6, 2, 4, 3, 4, 4, 5, 3, 4, 4, 4, 4, 2, 4, 4, 3, 3, 5, 5, 5, 5, 2, 9, 3, 4, 7, 4, 5, 3, 5, 5, 6, 5, 4, 4, 2, 6, 4, 4, 5, 6, 3, 3, 3, 5, 3, 4, 2, 4, 4, 6, 4, 4, 3, 4, 4, 4, 3, 7, 2, 4, 2, 4, 5, 4, 5, 3, 5, 3, 5, 5, 7, 3, 4, 7, 6, 3, 7, 4, 6, 4, 4, 4, 3, 2, 6, 5, 4, 2, 3, 5, 3, 5, 2, 3]",1.3193069306930694,74,29,48,32,12,91,0.010877626699629172,0.02249690976514215,108,0.26732673267326734,4045
180519,41893,1395,20,0.014336917562724,12.421663442940039,6.683903690615579,517,0.3771760154738878,0.4912959381044487,4.601547388781431,"[4, 4, 9, 5, 8, 3, 6, 2, 5, 8, 6, 5, 5, 6, 3, 4, 6, 4, 4, 5, 5, 8, 4, 4, 4, 5, 4, 4, 6, 6, 7, 5, 4, 2, 6, 5, 4, 4, 4, 3, 3, 2, 6, 5, 4, 2, 6, 4, 4, 5, 3, 5, 3, 4, 5, 4, 5, 3, 6, 6, 5, 4, 6, 7, 5, 6, 4, 3, 4, 7, 4, 6, 6, 8, 5, 3, 5, 4, 7, 6, 6, 6, 6, 4, 2, 9, 4, 6, 3, 4, 8, 5, 5, 4, 4, 9, 3, 4, 4, 3, 3, 5, 4, 3, 5, 4, 5, 2, 8, 5, 4, 6, 5, 5, 7, 6, 4, 5, 5, 7, 3, 4, 4, 5, 4, 3, 5, 7, 6, 4, 9, 7, 3, 5, 7, 5, 4, 4, 4, 6, 7, 3, 6, 6, 4, 3, 4, 5, 5, 3, 5, 7, 5, 5, 3, 3, 5, 4, 6, 3, 5, 6, 3, 5, 5, 5, 5, 6, 7, 4, 7, 6, 3, 4, 5, 3, 5, 5, 2, 4, 6, 5, 2, 6, 4, 4, 6, 5, 3, 6, 5, 3, 4, 4, 5, 4, 5, 4, 6, 4, 4, 5, 4, 5, 5, 2, 6, 6, 4, 5, 4, 4, 4, 5, 4, 4, 7, 3, 7, 4, 6, 5, 6, 7, 4, 2, 8, 4, 4, 5, 3, 4, 5, 7, 2, 3, 4, 4, 5, 2, 4, 3, 5, 8, 3, 6, 3, 3, 6, 3, 5, 6, 5, 4, 5, 7, 6, 4, 5, 3, 6, 3, 7, 2, 6, 5, 5, 2, 4, 4, 5, 4, 3, 3, 2, 6, 4, 6, 2, 4, 2, 4, 5, 5, 5, 4, 6, 7, 6, 3, 5, 4, 6, 2, 3, 3, 8, 4, 4, 4, 5, 6, 4, 3, 6, 3, 4, 3, 6, 5, 4, 2, 4, 4, 6, 3, 3, 6, 3, 2, 4, 6, 4, 4, 6, 6, 6, 6, 4, 3, 5, 4, 7, 6, 3, 3, 2, 5, 6, 4, 5, 4, 4, 4, 7, 7, 4, 2, 3, 5, 5, 2, 8, 4, 5, 4, 4, 4, 3, 3, 3, 4, 4, 4, 6, 5, 6, 4, 4, 5, 4, 5, 3, 3, 4, 5, 3, 5, 4, 3, 6, 3, 6, 3, 4, 5, 5, 3, 4, 5, 4, 2, 8, 3, 4, 4, 7, 4, 3, 3, 3, 2, 4, 6, 3, 3, 4, 3, 5, 4, 2, 5, 3, 5, 5, 5, 5, 5, 5, 5, 2, 6, 5, 5, 3, 3, 3, 3, 4, 5, 3, 5, 3, 4, 4, 8, 6, 4, 4, 6, 3, 5, 4, 8, 6, 7, 6, 6, 6, 3, 2, 7, 4, 4, 6, 4, 6, 5, 3, 4, 4, 7, 5, 8, 5, 7, 6, 5, 3, 3, 6, 4, 6, 7, 3, 4, 4, 8, 4, 5, 5, 5, 3, 6, 3, 5, 6, 4, 4, 4, 4, 5, 2, 4, 7, 2, 4, 4, 4, 4, 2, 5, 4, 5, 4, 6, 6, 3, 9, 4, 5, 4, 6, 5, 4, 5, 4]",1.8820116054158607,7,20,16,60,64,195,0.01930862659607599,0.030364372469635626,148,0.2862669245647969,6422
211985,33874,1898,34,0.017913593256059,8.612277867528272,7.384597226288605,619,0.22698412698412698,0.26666666666666666,3.7746031746031745,"[4, 4, 4, 3, 3, 7, 2, 3, 4, 4, 3, 3, 7, 9, 6, 2, 4, 5, 5, 4, 7, 4, 2, 5, 5, 4, 6, 5, 2, 5, 2, 4, 6, 3, 5, 5, 6, 4, 5, 4, 5, 3, 2, 2, 5, 3, 2, 4, 3, 4, 5, 3, 6, 2, 5, 3, 6, 3, 3, 4, 3, 5, 3, 6, 2, 4, 3, 5, 4, 8, 3, 5, 5, 6, 5, 4, 6, 4, 4, 4, 3, 4, 3, 5, 2, 5, 6, 5, 4, 4, 3, 5, 3, 7, 4, 5, 4, 4, 3, 5, 3, 4, 4, 2, 2, 4, 4, 4, 5, 2, 5, 3, 6, 3, 3, 6, 6, 3, 5, 2, 5, 5, 4, 5, 4, 3, 7, 4, 3, 3, 3, 3, 4, 4, 9, 3, 3, 5, 2, 7, 5, 7, 4, 4, 4, 3, 3, 2, 3, 4, 5, 9, 3, 5, 4, 4, 4, 4, 4, 3, 3, 2, 4, 4, 3, 3, 4, 5, 3, 2, 2, 4, 4, 5, 2, 2, 2, 5, 5, 4, 6, 3, 4, 2, 5, 2, 3, 4, 4, 6, 3, 5, 5, 5, 3, 5, 2, 2, 4, 4, 4, 3, 3, 3, 5, 3, 2, 3, 2, 2, 4, 3, 3, 3, 2, 3, 2, 3, 5, 9, 5, 4, 7, 3, 5, 5, 5, 3, 2, 2, 4, 3, 3, 2, 3, 2, 2, 2, 2, 4, 5, 3, 6, 3, 6, 2, 3, 5, 3, 3, 4, 5, 2, 3, 3, 3, 3, 5, 3, 4, 3, 3, 3, 7, 5, 3, 3, 3, 2, 3, 3, 4, 4, 4, 5, 4, 4, 4, 2, 5, 3, 2, 2, 6, 2, 4, 3, 4, 3, 2, 5, 3, 4, 5, 6, 3, 4, 4, 3, 4, 3, 3, 2, 5, 4, 8, 8, 5, 4, 4, 5, 4, 3, 4, 3, 9, 3, 3, 2, 4, 3, 4, 2, 2, 4, 2, 5, 3, 2, 4, 5, 2, 5, 4, 3, 2, 2, 2, 3, 2, 3, 3, 3, 5, 2, 4, 4, 3, 3, 2, 2, 3, 3, 5, 4, 6, 3, 3, 4, 6, 3, 2, 2, 6, 4, 6, 3, 2, 2, 4, 2, 7, 3, 4, 2, 3, 4, 2, 3, 2, 2, 3, 3, 4, 3, 3, 3, 2, 2, 2, 4, 4, 7, 4, 4, 5, 3, 3, 3, 5, 6, 5, 3, 6, 5, 5, 4, 5, 3, 3, 3, 2, 3, 2, 3, 3, 2, 3, 2, 3, 3, 2, 3, 3, 3, 5, 4, 2, 4, 3, 3, 2, 4, 6, 5, 4, 3, 4, 3, 5, 3, 3, 4, 5, 5, 3, 3, 5, 4, 3, 3, 3, 5, 4, 5, 4, 6, 4, 5, 2, 3, 3, 3, 3, 2, 5, 4, 3, 3, 4, 4, 4, 3, 2, 3, 7, 3, 2, 3, 3, 4, 3, 4, 4, 3, 4, 2, 3, 5, 4, 4, 5, 3, 5, 4, 3, 4, 4, 4, 3, 6, 4, 2, 5, 2, 2, 2, 3, 2, 4, 3, 3, 3, 5, 5, 4, 4, 2, 3, 2, 2, 3, 2, 3, 2, 2, 5, 3, 3, 3, 2, 4, 6, 4, 4, 2, 3, 2, 6, 4, 3, 3, 5, 4, 2, 4, 4, 2, 2, 2, 3, 8, 6, 4, 4, 4, 5, 3, 2, 3, 4, 3, 5, 2, 4, 3, 4, 4, 2, 4, 6, 3, 3, 2, 5, 3, 3, 8, 2, 4, 4, 5, 3, 6, 4, 4, 3, 3, 3, 4, 3, 7, 3, 3, 3, 5, 4, 5, 6, 3, 5, 3, 4, 6, 8, 2, 4, 5, 7, 6, 7, 8, 2, 5, 4, 5, 3, 3, 3, 3, 5, 2, 7, 2, 10, 1, 3, 1, 7, 5]",1.0775444264943457,17,37,0,69,67,127,0.025511161132995685,0.023822922528606266,19,0.030694668820678513,5331
75838,22252,1593,9,0.0056497175141242,13.48031496062992,9.984454631463828,254,0.31496062992125984,0.484251968503937,4.649606299212598,"[5, 8, 2, 7, 3, 6, 4, 7, 4, 4, 6, 3, 4, 5, 5, 6, 5, 5, 3, 9, 3, 3, 3, 2, 2, 4, 3, 3, 2, 5, 4, 5, 4, 6, 3, 3, 3, 3, 2, 3, 3, 3, 3, 3, 2, 4, 5, 4, 3, 3, 2, 5, 5, 10, 4, 5, 5, 5, 8, 8, 3, 5, 5, 4, 3, 5, 6, 7, 7, 6, 9, 6, 5, 4, 6, 4, 4, 6, 4, 4, 9, 4, 13, 6, 2, 6, 5, 4, 6, 6, 3, 3, 3, 4, 7, 7, 3, 9, 4, 3, 5, 4, 11, 3, 5, 6, 3, 3, 2, 4, 2, 2, 4, 2, 2, 2, 6, 5, 4, 5, 5, 6, 3, 2, 4, 2, 5, 3, 4, 2, 4, 3, 3, 10, 4, 3, 5, 3, 5, 6, 3, 3, 5, 4, 4, 4, 3, 3, 2, 4, 4, 3, 2, 2, 3, 2, 5, 6, 5, 3, 3, 6, 5, 4, 3, 6, 7, 7, 6, 6, 5, 7, 10, 7, 8, 4, 8, 5, 7, 5, 3, 4, 3, 5, 3, 8, 3, 7, 7, 7, 5, 6, 4, 6, 6, 5, 5, 9, 2, 2, 5, 3, 6, 3, 3, 3, 2, 3, 4, 3, 2, 3, 6, 5, 5, 8, 5, 4, 3, 5, 5, 3, 6, 5, 7, 4, 3, 4, 5, 7, 8, 8, 6, 4, 5, 8, 5, 7, 3, 4, 2, 8, 3, 7, 8, 7, 6, 7, 5, 2, 6, 4, 4, 6]",1.4803149606299213,20,16,22,55,37,124,0.026869158878504672,0.036214953271028034,58,0.2283464566929134,3424
182087,20395,2709,120,0.044296788482835,12.585365853658537,7.695136899784247,246,0.4,0.5130434782608696,4.8,"[8, 5, 5, 6, 7, 3, 6, 3, 4, 6, 4, 8, 6, 7, 5, 4, 3, 5, 2, 5, 5, 3, 7, 3, 5, 7, 5, 3, 4, 4, 8, 3, 8, 7, 5, 7, 5, 5, 8, 4, 6, 4, 6, 3, 5, 7, 6, 4, 4, 7, 2, 6, 5, 6, 5, 4, 3, 3, 7, 5, 6, 4, 5, 5, 3, 6, 7, 7, 7, 3, 4, 5, 5, 11, 4, 6, 5, 4, 4, 5, 9, 4, 3, 5, 7, 7, 9, 6, 5, 6, 6, 3, 5, 4, 5, 5, 8, 7, 4, 3, 4, 4, 2, 3, 5, 5, 6, 4, 6, 4, 5, 6, 4, 4, 5, 5, 8, 6, 6, 2, 3, 3, 4, 4, 7, 3, 4, 6, 4, 5, 3, 4, 6, 3, 5, 3, 6, 6, 7, 6, 6, 5, 2, 5, 6, 4, 4, 3, 3, 5, 4, 4, 3, 5, 3, 4, 4, 4, 4, 6, 5, 5, 4, 5, 5, 5, 6, 7, 3, 4, 3, 2, 7, 3, 4, 3, 4, 6, 7, 7, 4, 6, 6, 5, 5, 3, 5, 7, 4, 3, 5, 2, 5, 2, 3, 2, 5, 5, 4, 3, 3, 3, 3, 5, 5, 3, 5, 5, 4, 7, 5, 5, 4, 3, 3, 3, 6, 5, 5, 4, 4, 6, 4, 4, 4, 3, 4, 3, 7, 7]",2.2235772357723578,12,44,51,35,88,91,0.03972868217054264,0.029392764857881136,9,0.036585365853658534,3096
284154,50331,1178,26,0.0220713073005093,9.779569892473118,6.174650720813705,744,0.21552878179384202,0.250334672021419,4.1298527443105755,"[4, 5, 5, 5, 6, 3, 6, 2, 2, 2, 4, 6, 7, 4, 5, 3, 3, 4, 4, 6, 5, 3, 3, 5, 3, 3, 6, 4, 10, 6, 5, 5, 5, 5, 6, 3, 6, 7, 5, 4, 5, 4, 6, 3, 3, 7, 4, 5, 4, 5, 6, 4, 6, 3, 6, 4, 5, 4, 5, 7, 8, 2, 3, 5, 2, 3, 5, 4, 5, 5, 9, 6, 2, 2, 3, 3, 3, 3, 5, 6, 3, 4, 3, 8, 4, 3, 3, 4, 4, 3, 2, 4, 3, 5, 2, 5, 2, 4, 5, 5, 4, 3, 4, 4, 4, 5, 5, 3, 2, 3, 4, 4, 6, 6, 4, 3, 3, 6, 4, 3, 3, 2, 3, 4, 2, 3, 5, 5, 2, 4, 4, 5, 2, 3, 2, 5, 6, 2, 3, 4, 3, 2, 3, 3, 4, 8, 7, 6, 4, 7, 6, 2, 6, 2, 4, 2, 4, 4, 4, 3, 5, 5, 4, 3, 2, 2, 3, 4, 5, 5, 4, 3, 3, 3, 3, 2, 5, 3, 2, 5, 2, 7, 6, 3, 6, 5, 4, 3, 6, 4, 5, 4, 5, 4, 2, 2, 2, 4, 5, 5, 6, 4, 2, 2, 6, 3, 7, 4, 5, 6, 2, 4, 2, 5, 6, 3, 3, 2, 3, 6, 4, 3, 5, 5, 4, 2, 3, 3, 3, 4, 3, 4, 2, 4, 6, 2, 4, 3, 5, 5, 5, 4, 4, 6, 6, 4, 2, 3, 4, 2, 2, 3, 3, 4, 2, 6, 3, 2, 7, 5, 3, 2, 4, 3, 5, 2, 4, 4, 3, 7, 4, 6, 5, 3, 5, 5, 4, 4, 4, 2, 4, 5, 5, 4, 4, 4, 4, 4, 3, 5, 5, 5, 3, 2, 3, 3, 4, 7, 4, 2, 3, 4, 5, 4, 4, 4, 5, 4, 5, 4, 4, 3, 2, 5, 4, 5, 5, 4, 7, 9, 3, 5, 6, 6, 3, 4, 8, 4, 5, 5, 5, 4, 3, 2, 3, 4, 3, 2, 4, 4, 5, 4, 4, 4, 4, 4, 5, 3, 3, 4, 4, 3, 9, 3, 3, 3, 7, 7, 7, 6, 4, 2, 4, 3, 2, 5, 5, 6, 4, 4, 4, 5, 5, 4, 4, 6, 8, 4, 4, 5, 4, 5, 5, 3, 2, 6, 6, 4, 5, 10, 5, 5, 4, 2, 3, 4, 3, 2, 2, 2, 3, 2, 6, 4, 4, 4, 4, 5, 4, 7, 4, 4, 4, 4, 4, 5, 5, 2, 3, 5, 4, 4, 4, 3, 7, 4, 2, 5, 4, 2, 3, 2, 2, 5, 4, 2, 6, 3, 3, 3, 5, 3, 6, 4, 6, 3, 4, 4, 4, 2, 4, 3, 3, 3, 3, 5, 4, 2, 2, 3, 3, 3, 5, 5, 5, 3, 4, 4, 4, 4, 3, 3, 3, 5, 3, 5, 2, 5, 3, 6, 4, 6, 4, 4, 4, 3, 5, 4, 6, 3, 3, 4, 4, 6, 3, 3, 3, 3, 5, 3, 4, 3, 6, 8, 4, 4, 7, 4, 4, 3, 2, 2, 4, 3, 6, 2, 5, 5, 6, 3, 5, 6, 3, 4, 5, 2, 4, 7, 5, 5, 6, 4, 7, 5, 5, 3, 4, 3, 4, 2, 4, 6, 4, 5, 4, 4, 3, 3, 5, 6, 5, 6, 5, 3, 4, 5, 6, 5, 4, 2, 4, 2, 6, 6, 3, 4, 3, 4, 3, 3, 5, 7, 5, 4, 4, 6, 4, 8, 7, 3, 5, 6, 4, 2, 4, 2, 6, 3, 4, 5, 8, 2, 5, 3, 7, 2, 6, 4, 5, 7, 3, 3, 4, 7, 5, 3, 6, 7, 3, 2, 4, 2, 4, 5, 4, 5, 5, 3, 4, 6, 4, 3, 3, 3, 4, 3, 5, 10, 4, 6, 2, 4, 6, 2, 2, 2, 2, 3, 4, 2, 2, 4, 5, 6, 5, 5, 4, 5, 6, 7, 4, 4, 6, 7, 3, 3, 4, 6, 3, 5, 3, 5, 4, 5, 5, 4, 3, 7, 4, 6, 4, 6, 7, 3, 3, 5, 4, 3, 5, 4, 4, 2, 3, 3, 4, 3, 3, 5, 2, 2, 2, 3, 4, 3, 5, 6, 2, 3, 7, 3, 4, 3, 3, 3, 3, 4, 3, 5, 6, 3, 5, 4, 4, 4, 5, 3, 5, 4, 3, 2, 3, 4, 3, 3, 5, 4, 6, 5, 4, 3, 4, 3, 8, 5, 3, 3, 5, 5, 3, 4, 2, 3, 8, 3, 5, 4, 4]",1.243279569892473,7,63,7,104,139,251,0.033397471137987904,0.03449697636063771,120,0.16129032258064516,7276
57881,25633,1694,31,0.0182998819362455,15.268398268398268,11.548641799939132,231,0.2710843373493976,0.34036144578313254,4.018072289156627,"[2, 5, 6, 8, 5, 4, 5, 3, 5, 6, 6, 6, 5, 7, 8, 4, 3, 7, 6, 8, 4, 3, 7, 6, 5, 5, 5, 8, 3, 4, 3, 7, 7, 7, 4, 5, 2, 5, 3, 2, 4, 4, 4, 4, 5, 4, 6, 7, 4, 7, 2, 2, 4, 6, 5, 9, 4, 3, 4, 7, 3, 6, 6, 3, 4, 6, 3, 5, 7, 6, 5, 3, 8, 4, 6, 6, 6, 5, 6, 4, 6, 7, 6, 5, 3, 5, 5, 6, 6, 9, 8, 4, 6, 6, 6, 2, 6, 5, 4, 3, 3, 4, 3, 3, 6, 5, 3, 4, 3, 4, 3, 5, 4, 3, 4, 5, 6, 7, 5, 7, 4, 2, 3, 2, 8, 3, 5, 5, 5, 3, 9, 5, 4, 5, 6, 6, 3, 6, 8, 8, 4, 5, 6, 6, 6, 7, 4, 5, 6, 3, 4, 4, 2, 3, 4, 4, 9, 3, 2, 4, 5, 3, 3, 6, 6, 7, 2, 4, 4, 3, 7, 5, 2, 4, 4, 5, 4, 4, 5, 3, 2, 7, 9, 10, 5, 5, 5, 7, 4, 5, 8, 5, 5, 2, 3, 2, 1, 1, 1, 1, 1, 1, 1, 1, 1, 1, 1, 1, 1, 1, 1, 1, 1, 1, 1, 1, 1, 1, 1, 1, 1, 1, 1, 1, 1, 1, 1, 1, 1, 1, 1, 1, 1, 1, 1, 1, 1, 1, 1, 1, 1, 1, 1, 1, 1, 1, 1, 1, 1, 1, 1, 1, 1, 1, 1, 1, 1, 1, 1, 1, 1, 1, 1, 1, 1, 1, 7, 4, 3, 8, 4, 6, 3, 6, 5, 5, 7, 8, 8, 3, 2, 4, 2, 2, 4, 2, 3, 6, 4, 7, 3, 5, 4, 3, 2, 2, 2, 4, 3, 6, 3, 3, 2, 3, 3, 4, 5, 4, 4, 6, 3, 4, 7, 7, 4, 6, 6, 6, 7, 4, 5, 7, 4, 7, 5, 5, 5, 4, 7, 10, 5, 5]",1.6103896103896105,36,23,17,79,44,96,0.03487383045080805,0.02721859937624043,68,0.2943722943722944,3527
69412,34371,1614,1,0.0006195786864931,10.965141612200435,6.763219671009522,459,0.27705627705627706,0.31385281385281383,4.4004329004329,"[2, 3, 4, 4, 7, 6, 6, 5, 5, 5, 2, 4, 6, 5, 5, 2, 7, 5, 5, 8, 8, 6, 5, 5, 3, 3, 3, 3, 5, 2, 5, 7, 6, 3, 3, 2, 5, 3, 2, 4, 4, 4, 4, 4, 4, 4, 7, 4, 3, 3, 3, 3, 3, 6, 2, 4, 4, 5, 5, 6, 5, 4, 3, 4, 4, 5, 4, 2, 4, 2, 4, 4, 3, 3, 4, 4, 3, 2, 3, 3, 4, 6, 3, 4, 8, 2, 4, 4, 4, 4, 2, 4, 4, 2, 4, 4, 4, 4, 5, 4, 4, 7, 4, 9, 4, 3, 5, 4, 4, 5, 4, 3, 3, 4, 4, 4, 3, 5, 5, 6, 4, 3, 3, 6, 3, 2, 4, 4, 3, 4, 3, 4, 5, 5, 4, 6, 4, 5, 3, 2, 2, 4, 3, 4, 5, 3, 4, 6, 3, 6, 4, 4, 6, 2, 4, 6, 5, 3, 3, 4, 3, 7, 6, 3, 7, 2, 3, 3, 3, 3, 5, 3, 6, 2, 4, 5, 5, 5, 3, 2, 3, 6, 3, 4, 3, 5, 3, 3, 3, 4, 5, 5, 3, 5, 3, 4, 7, 5, 4, 3, 4, 3, 2, 2, 4, 5, 6, 4, 3, 5, 2, 4, 4, 3, 3, 3, 2, 4, 6, 4, 4, 5, 7, 5, 4, 4, 5, 3, 3, 5, 6, 3, 6, 5, 4, 3, 5, 3, 6, 4, 6, 5, 4, 2, 8, 6, 10, 6, 3, 4, 10, 5, 4, 4, 5, 3, 5, 6, 2, 5, 6, 3, 5, 5, 9, 4, 4, 5, 4, 5, 5, 3, 4, 4, 3, 8, 6, 4, 4, 6, 3, 5, 5, 5, 6, 3, 8, 3, 5, 7, 3, 5, 5, 10, 6, 8, 3, 7, 7, 6, 4, 6, 5, 4, 4, 5, 9, 4, 3, 3, 3, 2, 3, 3, 4, 3, 3, 3, 6, 5, 4, 3, 2, 3, 4, 4, 6, 7, 3, 2, 4, 6, 4, 5, 3, 5, 3, 4, 6, 3, 3, 5, 3, 4, 3, 2, 4, 4, 3, 3, 5, 7, 10, 4, 4, 5, 4, 6, 6, 11, 7, 6, 6, 3, 3, 4, 2, 4, 5, 3, 3, 3, 2, 3, 6, 8, 3, 4, 3, 3, 4, 5, 4, 6, 4, 5, 5, 4, 2, 4, 4, 7, 4, 4, 4, 7, 8, 7, 3, 9, 5, 8, 5, 5, 2, 5, 2, 2, 5, 5, 4, 4, 7, 6, 4, 5, 6, 4, 5, 3, 6, 11, 6, 6, 4, 3, 4, 5, 3, 2, 6, 9, 5, 2, 9, 4, 4, 5, 4, 6, 3, 3, 6, 3, 5, 3, 5, 3, 4, 3, 9, 5, 4, 4, 4, 2, 5, 4, 7, 8, 7, 7]",1.3572984749455337,37,53,3,74,41,126,0.022849195310947746,0.025034770514603615,35,0.07625272331154684,5033
244961,36266,1190,11,0.0092436974789915,11.031311154598827,5.910691380137206,511,0.2815533980582524,0.32815533980582523,4.135922330097087,"[3, 5, 6, 3, 2, 5, 5, 4, 4, 4, 4, 4, 3, 4, 4, 2, 3, 8, 4, 7, 4, 4, 3, 3, 5, 3, 6, 4, 5, 5, 3, 4, 2, 3, 4, 3, 4, 3, 5, 4, 5, 5, 2, 4, 3, 2, 5, 4, 5, 4, 3, 4, 3, 5, 3, 3, 3, 5, 5, 4, 6, 4, 2, 3, 4, 3, 4, 7, 4, 6, 4, 3, 3, 4, 4, 3, 3, 4, 7, 4, 5, 3, 2, 5, 6, 5, 4, 4, 6, 4, 5, 4, 4, 5, 4, 5, 6, 6, 4, 3, 4, 4, 6, 3, 6, 4, 5, 6, 4, 6, 4, 3, 3, 2, 3, 5, 7, 4, 5, 3, 6, 3, 6, 4, 3, 6, 4, 3, 2, 3, 3, 6, 4, 4, 4, 2, 5, 6, 5, 3, 4, 6, 4, 3, 3, 3, 3, 2, 4, 3, 3, 5, 3, 3, 6, 5, 4, 3, 4, 2, 2, 5, 5, 7, 4, 5, 4, 3, 5, 2, 3, 4, 3, 4, 4, 4, 3, 4, 3, 3, 5, 3, 3, 5, 3, 4, 3, 5, 3, 8, 5, 5, 3, 4, 4, 4, 6, 5, 4, 3, 2, 3, 5, 5, 3, 5, 4, 4, 5, 3, 5, 3, 5, 4, 4, 5, 2, 4, 3, 6, 3, 4, 4, 5, 4, 5, 5, 3, 5, 4, 3, 2, 4, 4, 5, 3, 7, 5, 4, 3, 4, 7, 6, 7, 5, 4, 5, 3, 4, 4, 4, 4, 4, 4, 5, 3, 4, 6, 7, 3, 4, 5, 4, 4, 7, 4, 4, 4, 5, 5, 3, 8, 3, 5, 5, 5, 4, 7, 6, 4, 2, 5, 3, 4, 2, 5, 5, 4, 3, 3, 4, 4, 4, 4, 5, 5, 3, 3, 3, 3, 3, 3, 4, 3, 2, 3, 4, 5, 4, 3, 6, 5, 4, 2, 3, 3, 4, 2, 4, 4, 3, 2, 5, 4, 3, 5, 3, 4, 2, 3, 3, 5, 4, 5, 6, 4, 3, 5, 5, 5, 3, 4, 4, 5, 4, 6, 4, 3, 6, 4, 4, 2, 5, 4, 6, 5, 6, 4, 4, 4, 3, 6, 4, 4, 4, 4, 6, 2, 4, 4, 6, 6, 4, 3, 4, 6, 4, 5, 7, 6, 4, 4, 5, 5, 2, 3, 4, 4, 5, 4, 4, 4, 7, 5, 6, 4, 4, 4, 3, 2, 4, 4, 8, 6, 5, 5, 5, 4, 8, 2, 5, 4, 6, 5, 3, 6, 4, 2, 3, 4, 4, 5, 3, 5, 4, 3, 3, 3, 3, 3, 6, 5, 3, 5, 5, 2, 4, 4, 3, 4, 3, 3, 7, 5, 7, 4, 6, 5, 4, 5, 4, 4, 7, 4, 4, 3, 4, 4, 2, 4, 2, 5, 4, 4, 3, 3, 4, 5, 3, 3, 7, 6, 3, 3, 3, 4, 5, 3, 3, 2, 4, 3, 4, 4, 6, 3, 3, 4, 4, 6, 2, 4, 4, 3, 4, 3, 5, 3, 7, 3, 3, 4, 4, 6, 5, 6, 4, 3, 5, 3, 3, 6, 6, 4, 4]",1.3424657534246576,22,50,2,51,124,209,0.031044882029448287,0.03707645910945538,130,0.25440313111545987,5637
277356,23981,1294,28,0.0216383307573415,12.675767918088738,8.493792647280403,293,0.45051194539249145,0.590443686006826,4.604095563139932,"[4, 5, 7, 8, 5, 7, 6, 4, 4, 3, 4, 6, 7, 3, 5, 5, 4, 7, 10, 4, 7, 8, 9, 5, 4, 6, 5, 6, 6, 4, 9, 5, 4, 3, 4, 4, 5, 6, 4, 6, 7, 4, 8, 3, 6, 7, 3, 7, 7, 8, 6, 3, 3, 3, 2, 4, 2, 3, 2, 2, 4, 5, 4, 4, 4, 3, 3, 6, 10, 5, 9, 4, 3, 8, 3, 4, 2, 6, 6, 2, 10, 2, 5, 6, 4, 3, 4, 4, 4, 4, 5, 2, 3, 5, 4, 3, 8, 4, 4, 5, 2, 3, 5, 3, 4, 6, 4, 2, 5, 2, 3, 7, 3, 5, 3, 3, 3, 5, 6, 3, 3, 4, 6, 6, 3, 6, 4, 3, 2, 3, 5, 8, 7, 4, 5, 5, 7, 6, 7, 3, 8, 5, 7, 7, 7, 4, 6, 7, 3, 3, 3, 2, 4, 3, 2, 3, 3, 3, 6, 5, 6, 5, 4, 4, 4, 2, 4, 4, 5, 5, 3, 3, 3, 3, 3, 3, 6, 2, 4, 4, 2, 2, 3, 3, 3, 6, 3, 5, 2, 4, 5, 4, 4, 7, 6, 10, 4, 4, 2, 3, 4, 2, 2, 4, 4, 4, 3, 5, 4, 3, 2, 5, 4, 5, 5, 3, 2, 4, 3, 5, 7, 7, 3, 4, 7, 5, 8, 7, 8, 3, 2, 5, 5, 4, 5, 4, 2, 4, 7, 3, 3, 5, 8, 3, 7, 4, 4, 5, 9, 8, 4, 3, 8, 7, 2, 3, 4, 6, 6, 6, 11, 7, 8, 7, 7, 5, 7, 3, 3, 3, 3, 3, 6, 4, 3, 2, 4, 6, 3, 6, 5, 3, 3, 5, 3, 3, 4, 5, 3, 3, 6, 7, 4]",1.4300341296928327,42,41,25,52,34,116,0.023155627355950458,0.031233171782444804,26,0.08873720136518772,3714
336837,20374,1034,0,0.0,10.437299035369774,6.952494871578234,311,0.2994011976047904,0.38622754491017963,3.931137724550898,"[3, 4, 5, 4, 3, 3, 2, 2, 2, 4, 4, 4, 4, 4, 4, 5, 4, 4, 4, 6, 3, 2, 4, 4, 5, 5, 4, 6, 5, 7, 5, 5, 7, 6, 6, 5, 3, 5, 5, 7, 5, 4, 4, 6, 6, 6, 5, 4, 4, 5, 5, 9, 6, 6, 5, 7, 5, 5, 8, 7, 4, 7, 4, 4, 9, 9, 2, 5, 6, 3, 6, 5, 4, 8, 6, 4, 3, 5, 4, 3, 2, 4, 4, 3, 7, 3, 4, 2, 5, 4, 5, 2, 3, 2, 3, 5, 5, 4, 3, 3, 5, 3, 3, 2, 2, 3, 2, 6, 3, 5, 4, 5, 3, 4, 3, 4, 4, 3, 2, 4, 5, 3, 3, 5, 4, 2, 4, 4, 4, 5, 3, 6, 4, 8, 6, 7, 6, 2, 4, 3, 3, 3, 4, 4, 3, 4, 4, 4, 4, 3, 3, 4, 4, 4, 4, 5, 2, 3, 5, 6, 5, 6, 5, 4, 4, 5, 5, 6, 3, 4, 3, 2, 3, 2, 3, 6, 4, 3, 3, 6, 4, 4, 3, 3, 3, 4, 5, 5, 2, 7, 3, 4, 3, 5, 2, 5, 3, 5, 4, 3, 4, 4, 4, 5, 3, 3, 5, 5, 2, 4, 3, 2, 5, 3, 4, 4, 4, 5, 3, 5, 4, 5, 3, 2, 2, 4, 3, 3, 5, 3, 4, 2, 5, 5, 2, 3, 3, 5, 3, 5, 4, 6, 3, 4, 2, 2, 2, 2, 3, 4, 2, 3, 3, 2, 2, 4, 4, 3, 4, 3, 5, 6, 3, 4, 3, 4, 3, 4, 4, 3, 3, 2, 3, 3, 3, 3, 3, 3, 2, 4, 5, 3, 5, 4, 4, 3, 3, 3, 3, 4, 4, 4, 3, 4, 3, 3, 3, 4, 4, 6, 4, 4, 3, 2, 4, 3, 3, 4, 4, 4, 3, 4, 3, 2, 3, 5, 2, 2, 4, 3, 3, 3, 2, 3, 4, 2, 3, 3, 2, 3, 4, 5, 2, 2]",0.04501607717041801,37,71,0,22,61,131,0.025569932224276032,0.0403573629081947,80,0.2572347266881029,3246
118755,43568,1703,8,0.004697592483852,7.226537216828479,4.762210313232492,927,0.17891373801916932,0.19914802981895632,3.529286474973376,"[4, 4, 3, 3, 5, 5, 5, 4, 3, 4, 7, 6, 4, 4, 6, 3, 7, 7, 6, 4, 6, 5, 3, 9, 8, 2, 4, 3, 3, 5, 4, 4, 4, 8, 4, 5, 5, 4, 3, 5, 3, 4, 4, 4, 4, 3, 5, 3, 3, 5, 3, 6, 8, 6, 6, 3, 4, 2, 5, 3, 2, 3, 2, 2, 3, 3, 5, 4, 3, 2, 6, 3, 5, 4, 2, 4, 4, 5, 6, 4, 5, 5, 4, 4, 4, 3, 4, 2, 3, 2, 2, 6, 3, 3, 2, 4, 3, 2, 4, 4, 4, 3, 3, 2, 4, 2, 3, 5, 2, 5, 7, 4, 6, 3, 3, 3, 6, 5, 4, 7, 5, 3, 4, 6, 3, 4, 3, 3, 4, 4, 4, 5, 2, 2, 5, 5, 4, 2, 3, 4, 4, 3, 2, 6, 4, 2, 2, 2, 2, 4, 6, 4, 4, 3, 4, 4, 5, 2, 2, 4, 3, 3, 3, 4, 4, 4, 2, 2, 5, 7, 3, 3, 4, 4, 3, 6, 4, 7, 3, 7, 3, 7, 6, 6, 4, 3, 5, 3, 3, 5, 4, 4, 5, 6, 3, 3, 3, 3, 8, 4, 5, 2, 3, 3, 3, 3, 3, 2, 3, 6, 7, 2, 5, 2, 4, 3, 4, 5, 4, 4, 3, 2, 3, 5, 3, 2, 3, 4, 4, 4, 5, 6, 3, 3, 4, 2, 5, 3, 4, 3, 3, 4, 6, 3, 3, 6, 4, 5, 5, 4, 4, 2, 4, 3, 5, 5, 4, 6, 5, 2, 2, 7, 1, 2, 1, 1, 2, 3, 2, 4, 4, 2, 5, 4, 2, 4, 2, 4, 5, 4, 4, 5, 2, 3, 4, 3, 4, 2, 4, 6, 4, 5, 4, 5, 7, 3, 3, 3, 4, 6, 5, 3, 5, 6, 3, 4, 5, 3, 4, 2, 4, 5, 4, 3, 3, 3, 5, 3, 4, 5, 6, 3, 3, 3, 5, 4, 4, 3, 4, 4, 9, 2, 2, 2, 4, 6, 3, 4, 5, 4, 3, 5, 6, 5, 5, 4, 6, 8, 3, 5, 5, 6, 3, 4, 7, 4, 4, 5, 2, 3, 3, 3, 2, 4, 2, 2, 4, 3, 2, 2, 2, 2, 4, 5, 2, 4, 2, 4, 3, 2, 5, 3, 3, 4, 4, 2, 2, 3, 5, 4, 2, 2, 4, 2, 2, 3, 3, 2, 4, 5, 2, 4, 3, 5, 4, 5, 4, 5, 4, 2, 2, 3, 2, 2, 4, 3, 2, 3, 2, 4, 4, 5, 3, 2, 2, 3, 6, 3, 4, 3, 3, 4, 9, 3, 5, 3, 6, 4, 2, 5, 4, 4, 3, 4, 4, 2, 3, 3, 4, 3, 4, 3, 3, 3, 4, 4, 3, 2, 3, 2, 4, 2, 2, 2, 2, 4, 4, 5, 5, 3, 4, 3, 5, 4, 4, 3, 3, 3, 2, 2, 2, 2, 2, 3, 3, 3, 4, 4, 5, 4, 3, 3, 3, 4, 3, 3, 3, 2, 3, 3, 4, 4, 4, 3, 5, 3, 5, 3, 2, 3, 3, 3, 3, 3, 3, 4, 3, 2, 3, 4, 3, 4, 3, 4, 4, 3, 2, 6, 2, 3, 2, 4, 2, 4, 4, 3, 3, 4, 5, 3, 3, 4, 3, 2, 3, 3, 4, 3, 3, 2, 5, 2, 2, 2, 3, 2, 3, 4, 3, 4, 2, 6, 2, 4, 4, 3, 3, 2, 3, 2, 4, 3, 3, 4, 2, 3, 4, 7, 2, 3, 4, 3, 9, 5, 3, 2, 3, 4, 3, 3, 3, 4, 3, 5, 4, 4, 5, 3, 4, 5, 4, 4, 4, 3, 2, 2, 3, 2, 5, 2, 2, 2, 3, 4, 3, 3, 2, 3, 3, 3, 4, 3, 4, 6, 3, 3, 4, 3, 4, 4, 3, 3, 4, 4, 2, 3, 2, 2, 2, 2, 2, 4, 2, 3, 3, 4, 2, 2, 2, 2, 2, 2, 2, 5, 3, 3, 4, 3, 2, 3, 3, 3, 4, 2, 4, 3, 6, 4, 4, 3, 4, 3, 2, 4, 3, 2, 2, 4, 3, 3, 2, 4, 3, 4, 5, 7, 6, 3, 3, 6, 2, 6, 6, 3, 5, 4, 3, 6, 3, 4, 2, 2, 3, 2, 3, 3, 2, 2, 3, 4, 2, 2, 3, 5, 7, 2, 2, 4, 4, 3, 3, 3, 2, 4, 3, 5, 3, 5, 5, 2, 3, 2, 3, 5, 3, 4, 6, 5, 3, 6, 3, 4, 2, 5, 2, 5, 3, 3, 3, 4, 3, 4, 5, 3, 5, 3, 2, 4, 4, 4, 4, 3, 5, 3, 5, 4, 4, 2, 4, 3, 2, 5, 5, 2, 3, 3, 4, 3, 2, 3, 4, 4, 3, 2, 4, 2, 2, 3, 3, 3, 3, 3, 2, 2, 2, 7, 2, 2, 2, 2, 2, 2, 3, 4, 4, 2, 2, 3, 2, 3, 4, 6, 3, 3, 2, 2, 2, 4, 3, 2, 2, 4, 3, 4, 6, 2, 3, 5, 4, 3, 3, 3, 2, 3, 4, 5, 2, 3, 2, 3, 2, 2, 2, 2, 3, 4, 2, 3, 3, 2, 2, 2, 2, 2, 3, 4, 4, 2, 2, 2, 4, 2, 3, 4, 3, 4, 5, 3, 3, 3, 4, 7, 3, 3, 3, 2, 4, 3, 4, 2, 3, 3, 4, 2, 4, 2, 3, 5, 4, 4, 4, 3, 3, 5, 3, 2, 3, 3, 5, 3, 3, 3, 2, 4, 4, 2, 4, 4, 5, 2, 4, 3, 5, 2, 3, 4, 3, 3, 2, 3, 3, 2, 2, 2, 2, 3, 2, 3, 3, 4, 3, 2, 3, 3, 4, 2, 2, 3, 2]",0.5868392664509169,24,78,9,77,60,174,0.02045081355426183,0.025974025974025976,128,0.13807982740021574,6699
169280,34648,1420,14,0.0098591549295774,8.043818466353677,5.834011868977476,639,0.23956723338485317,0.29675425038639874,3.7156105100463677,"[3, 2, 4, 4, 3, 3, 2, 2, 3, 2, 2, 3, 4, 4, 2, 2, 6, 4, 3, 3, 3, 3, 5, 8, 6, 3, 3, 3, 3, 3, 4, 5, 4, 5, 3, 3, 5, 2, 3, 5, 5, 7, 3, 4, 3, 3, 4, 3, 2, 5, 7, 7, 8, 3, 7, 3, 4, 3, 3, 4, 4, 5, 3, 3, 3, 2, 4, 3, 5, 3, 4, 7, 5, 4, 3, 3, 2, 3, 4, 4, 3, 5, 5, 3, 5, 3, 8, 6, 4, 4, 7, 5, 3, 3, 4, 3, 4, 5, 3, 2, 3, 5, 4, 9, 5, 4, 3, 6, 3, 2, 3, 3, 4, 5, 2, 3, 3, 5, 4, 3, 4, 3, 5, 5, 5, 3, 3, 3, 3, 2, 4, 3, 4, 7, 5, 3, 2, 5, 4, 4, 5, 6, 8, 7, 2, 4, 4, 4, 3, 5, 3, 3, 2, 4, 5, 3, 3, 3, 4, 5, 4, 5, 4, 2, 4, 3, 5, 3, 6, 4, 3, 3, 2, 3, 2, 4, 5, 5, 3, 3, 3, 3, 3, 7, 3, 10, 5, 3, 4, 3, 4, 3, 3, 5, 3, 3, 2, 2, 4, 4, 2, 3, 3, 4, 3, 2, 5, 5, 4, 7, 4, 5, 6, 2, 6, 3, 3, 5, 7, 3, 8, 6, 3, 6, 8, 5, 3, 3, 5, 2, 3, 4, 7, 6, 3, 6, 3, 4, 2, 13, 7, 5, 3, 7, 6, 3, 5, 5, 6, 4, 4, 4, 2, 2, 3, 4, 3, 4, 2, 2, 3, 4, 3, 2, 3, 2, 3, 3, 5, 2, 4, 4, 3, 4, 3, 2, 6, 4, 2, 5, 5, 2, 5, 5, 4, 2, 5, 3, 3, 2, 3, 4, 4, 4, 3, 3, 3, 3, 4, 3, 5, 4, 3, 3, 6, 7, 3, 3, 3, 4, 3, 2, 5, 4, 4, 3, 5, 2, 5, 4, 5, 5, 3, 3, 3, 4, 3, 3, 2, 3, 2, 2, 5, 3, 3, 5, 2, 4, 3, 4, 4, 5, 3, 3, 5, 2, 2, 3, 2, 2, 5, 5, 3, 2, 3, 4, 3, 4, 3, 4, 2, 3, 3, 3, 3, 3, 5, 4, 3, 3, 2, 5, 2, 4, 2, 4, 2, 4, 4, 5, 4, 3, 4, 2, 2, 4, 4, 3, 6, 2, 3, 4, 5, 4, 3, 4, 3, 2, 4, 3, 6, 3, 3, 4, 4, 4, 3, 4, 3, 3, 2, 3, 6, 4, 6, 6, 4, 4, 5, 4, 6, 4, 6, 4, 2, 5, 3, 4, 2, 4, 3, 4, 5, 5, 2, 4, 3, 3, 2, 2, 4, 8, 8, 3, 7, 3, 4, 3, 3, 3, 3, 3, 3, 3, 2, 4, 4, 2, 2, 4, 5, 2, 4, 2, 2, 4, 4, 3, 3, 6, 4, 2, 3, 3, 3, 2, 3, 2, 4, 6, 3, 3, 2, 5, 5, 3, 3, 3, 5, 3, 3, 3, 2, 3, 3, 2, 4, 3, 4, 3, 7, 3, 6, 5, 3, 2, 6, 5, 2, 2, 3, 2, 4, 3, 2, 5, 4, 7, 3, 2, 6, 3, 5, 2, 3, 5, 3, 10, 2, 5, 3, 2, 4, 4, 4, 2, 3, 4, 2, 4, 6, 5, 5, 4, 2, 7, 6, 3, 4, 4, 3, 5, 4, 3, 4, 4, 5, 3, 4, 2, 3, 3, 2, 2, 3, 3, 3, 3, 6, 6, 5, 6, 4, 3, 5, 4, 4, 2, 2, 3, 2, 2, 2, 3, 4, 3, 3, 6, 2, 4, 3, 3, 3, 3, 3, 4, 4, 2, 5, 5, 2, 2, 3, 3, 4, 2, 4, 4, 4, 4, 5, 3, 2, 6, 4, 2, 2, 4, 2, 3, 3, 3, 2, 2, 2, 2, 2, 4, 3, 4, 2, 3, 2, 3, 2, 2, 3, 4, 2, 2, 7, 2, 5, 3, 5, 4, 3]",1.1189358372456963,57,101,79,33,63,142,0.01867704280155642,0.02762645914396887,44,0.06885758998435054,5140
301811,20476,1150,31,0.0269565217391304,6.814159292035399,6.22319340039648,452,0.19068736141906872,0.2394678492239468,3.352549889135255,"[5, 8, 6, 3, 4, 4, 3, 4, 8, 7, 2, 3, 4, 4, 3, 3, 4, 3, 2, 4, 4, 5, 3, 2, 2, 4, 4, 5, 4, 3, 4, 5, 9, 4, 6, 4, 4, 4, 5, 4, 5, 6, 5, 5, 3, 2, 4, 3, 3, 3, 3, 3, 12, 6, 5, 3, 3, 3, 4, 9, 4, 4, 2, 3, 3, 4, 3, 4, 3, 3, 3, 4, 2, 2, 2, 2, 2, 2, 2, 5, 6, 3, 3, 3, 3, 5, 5, 3, 2, 4, 4, 4, 4, 2, 4, 4, 3, 2, 4, 4, 2, 4, 3, 3, 5, 3, 4, 6, 2, 7, 5, 3, 3, 3, 3, 3, 3, 3, 2, 3, 3, 2, 4, 3, 2, 2, 3, 2, 3, 2, 4, 2, 2, 3, 4, 4, 4, 4, 3, 3, 3, 7, 4, 4, 3, 4, 5, 2, 3, 4, 4, 3, 6, 4, 3, 2, 6, 3, 2, 3, 3, 2, 9, 3, 4, 5, 5, 3, 5, 4, 7, 3, 2, 3, 2, 2, 2, 3, 2, 3, 2, 5, 3, 3, 4, 5, 5, 2, 3, 3, 2, 2, 2, 2, 4, 5, 2, 3, 2, 2, 6, 6, 5, 4, 4, 4, 3, 3, 2, 3, 2, 2, 5, 3, 2, 2, 6, 3, 3, 4, 4, 3, 3, 2, 3, 2, 3, 2, 5, 3, 3, 3, 4, 3, 3, 2, 3, 6, 4, 3, 3, 2, 2, 3, 4, 4, 7, 5, 4, 2, 3, 2, 5, 3, 2, 3, 4, 2, 2, 2, 3, 3, 2, 4, 2, 4, 2, 2, 3, 2, 3, 3, 4, 4, 3, 3, 3, 2, 2, 4, 3, 3, 2, 2, 3, 2, 3, 2, 2, 2, 2, 2, 2, 3, 3, 2, 5, 3, 2, 3, 4, 2, 2, 3, 3, 3, 3, 4, 2, 3, 3, 2, 2, 2, 2, 3, 3, 3, 3, 7, 3, 5, 6, 3, 2, 8, 2, 3, 2, 4, 2, 2, 2, 2, 2, 2, 2, 5, 3, 2, 3, 3, 4, 3, 3, 4, 6, 5, 3, 2, 2, 2, 3, 2, 2, 2, 2, 3, 3, 4, 3, 3, 3, 2, 4, 3, 5, 2, 5, 3, 3, 7, 3, 6, 3, 3, 3, 2, 3, 5, 2, 2, 4, 3, 4, 4, 3, 3, 3, 3, 4, 3, 2, 3, 2, 2, 2, 6, 2, 2, 6, 2, 4, 4, 2, 4, 2, 2, 2, 2, 2, 2, 4, 4, 7, 2, 4, 2, 5, 3, 3, 4, 5, 2, 4, 2, 2, 4, 2, 2, 2, 3, 3, 6, 3, 2, 2, 3, 4, 3, 2, 2, 2, 3, 2, 5, 2, 3, 11, 3, 3]",0.7942477876106194,16,50,19,41,20,124,0.019805194805194805,0.04025974025974026,135,0.29867256637168144,3080
166140,24608,1260,9,0.0071428571428571,7.700214132762313,5.096079023452858,467,0.14072494669509594,0.15565031982942432,3.6673773987206824,"[4, 3, 5, 3, 3, 3, 5, 5, 2, 4, 2, 4, 5, 6, 7, 3, 3, 5, 5, 6, 4, 4, 3, 4, 5, 3, 4, 4, 4, 4, 3, 5, 9, 3, 4, 5, 2, 6, 4, 5, 2, 2, 3, 5, 4, 2, 4, 2, 3, 5, 5, 5, 4, 4, 4, 3, 2, 3, 4, 5, 3, 4, 4, 3, 2, 3, 2, 4, 5, 5, 3, 3, 2, 3, 2, 3, 2, 3, 3, 3, 4, 7, 3, 2, 2, 3, 3, 3, 6, 4, 3, 4, 4, 5, 3, 2, 2, 3, 4, 3, 2, 3, 2, 2, 3, 5, 5, 2, 4, 4, 5, 3, 5, 5, 6, 4, 5, 2, 7, 3, 3, 5, 4, 4, 3, 3, 2, 3, 2, 4, 5, 4, 4, 3, 2, 3, 3, 4, 3, 4, 4, 5, 5, 4, 3, 4, 5, 4, 2, 3, 4, 3, 4, 4, 3, 4, 4, 2, 4, 2, 3, 3, 3, 3, 2, 3, 3, 3, 3, 3, 3, 4, 7, 5, 2, 2, 5, 2, 3, 3, 3, 2, 6, 4, 4, 4, 3, 7, 4, 3, 3, 4, 5, 4, 5, 3, 3, 3, 5, 2, 3, 2, 4, 4, 2, 2, 3, 2, 2, 4, 2, 4, 4, 2, 3, 2, 2, 3, 3, 4, 4, 4, 2, 3, 4, 3, 1, 4, 3, 3, 4, 6, 3, 4, 2, 8, 4, 4, 4, 4, 5, 3, 3, 3, 4, 3, 3, 5, 4, 3, 2, 3, 3, 2, 5, 5, 4, 4, 4, 3, 2, 3, 6, 6, 4, 3, 3, 3, 2, 3, 5, 5, 4, 4, 4, 3, 4, 5, 2, 6, 5, 4, 4, 7, 4, 5, 5, 2, 2, 3, 4, 4, 4, 3, 4, 4, 3, 3, 4, 7, 2, 3, 3, 4, 4, 4, 5, 3, 6, 3, 3, 3, 4, 5, 7, 2, 2, 2, 2, 11, 4, 4, 4, 4, 3, 2, 2, 3, 4, 4, 3, 4, 4, 4, 2, 2, 4, 2, 2, 2, 4, 4, 4, 5, 3, 3, 2, 5, 3, 3, 4, 5, 5, 5, 3, 5, 4, 3, 5, 3, 4, 4, 5, 5, 3, 4, 3, 2, 3, 4, 4, 4, 3, 5, 2, 5, 8, 6, 2, 5, 4, 3, 3, 3, 3, 3, 3, 3, 5, 3, 6, 6, 2, 7, 3, 5, 3, 3, 4, 4, 5, 3, 6, 5, 3, 4, 6, 3, 5, 3, 2, 3, 4, 3, 7, 4, 3, 2, 2, 5, 4, 4, 4, 3, 3, 3, 2, 2, 5, 1, 3, 3, 2, 2, 2, 3, 3, 6, 4, 3, 2, 3, 3, 7, 3, 5, 3, 5, 3, 6, 2, 5, 2, 6, 3, 3, 2, 3, 3, 4, 2, 2, 4, 3, 8, 9, 6, 3, 3]",0.8094218415417559,40,53,0,77,43,56,0.03337041156840934,0.01557285873192436,287,0.6145610278372591,3596
26972,23755,5348,91,0.0170157068062827,7.908878504672897,5.941842707278445,428,0.19114219114219114,0.22377622377622378,3.762237762237762,"[5, 6, 3, 6, 3, 4, 2, 2, 5, 5, 6, 6, 2, 3, 5, 3, 2, 4, 3, 2, 3, 3, 3, 5, 6, 5, 4, 4, 5, 3, 4, 2, 4, 4, 5, 2, 3, 2, 2, 10, 2, 4, 4, 4, 3, 6, 4, 6, 5, 7, 2, 3, 3, 4, 3, 2, 3, 2, 7, 2, 6, 4, 6, 9, 5, 5, 6, 3, 6, 7, 5, 6, 2, 5, 4, 4, 6, 2, 6, 3, 6, 4, 4, 3, 2, 2, 2, 2, 6, 2, 8, 4, 2, 3, 2, 3, 2, 7, 5, 4, 2, 2, 2, 2, 2, 9, 5, 4, 5, 6, 4, 2, 3, 3, 6, 5, 5, 4, 5, 6, 4, 3, 2, 3, 3, 2, 3, 3, 2, 5, 2, 6, 3, 3, 4, 3, 5, 4, 2, 5, 6, 4, 3, 3, 2, 6, 6, 4, 2, 5, 6, 4, 3, 4, 5, 2, 5, 2, 2, 2, 3, 2, 2, 5, 4, 5, 3, 2, 2, 4, 4, 3, 4, 2, 2, 3, 4, 4, 7, 3, 5, 7, 4, 6, 3, 4, 7, 2, 4, 8, 7, 5, 4, 3, 4, 5, 2, 5, 6, 3, 6, 7, 3, 4, 2, 6, 6, 3, 4, 4, 2, 2, 2, 6, 4, 6, 4, 5, 5, 2, 8, 6, 2, 5, 4, 5, 3, 5, 2, 2, 3, 4, 5, 5, 5, 4, 4, 4, 3, 6, 6, 2, 5, 3, 3, 4, 2, 4, 2, 3, 4, 3, 3, 4, 2, 3, 2, 4, 3, 2, 4, 5, 3, 7, 4, 4, 7, 5, 4, 3, 5, 3, 2, 4, 4, 3, 5, 2, 3, 2, 3, 3, 4, 2, 2, 5, 2, 2, 4, 2, 5, 2, 2, 7, 5, 5, 7, 3, 2, 4, 3, 2, 4, 4, 4, 2, 2, 4, 3, 5, 4, 6, 4, 7, 4, 3, 4, 5, 3, 2, 3, 4, 5, 4, 4, 4, 2, 2, 3, 3, 3, 2, 5, 5, 2, 2, 4, 3, 2, 4, 2, 2, 2, 3, 3, 4, 5, 5, 3, 3, 3, 2, 3, 4, 4, 5, 3, 2, 5, 2, 2, 2, 2, 5, 6, 4, 8, 2, 2, 2, 2, 2, 3, 5, 3, 2, 4, 3, 3, 3, 8, 3, 4, 3, 2, 3, 2, 4, 4, 2, 5, 3, 2, 3, 4, 2, 2, 2, 2, 3, 2, 2, 2, 4, 2, 2, 3, 5, 6, 3, 5, 6, 4, 5, 5, 4, 4, 3, 6, 2, 3, 2, 4, 5, 2, 3, 4, 2, 6]",0.45093457943925236,79,23,14,41,25,104,0.01949778434268833,0.03072378138847858,40,0.09345794392523364,3385
19264,21713,2039,3,0.0014713094654242,10.446875,6.815779422628863,320,0.2701863354037267,0.34782608695652173,4.273291925465839,"[6, 5, 6, 5, 5, 4, 6, 5, 6, 5, 8, 4, 4, 4, 3, 4, 2, 5, 4, 5, 2, 5, 5, 4, 6, 5, 3, 6, 4, 3, 2, 3, 3, 4, 5, 2, 6, 6, 5, 6, 5, 4, 3, 7, 3, 7, 5, 4, 3, 3, 3, 6, 6, 4, 5, 3, 4, 2, 4, 4, 5, 5, 3, 7, 5, 5, 4, 4, 4, 7, 3, 4, 5, 5, 3, 5, 3, 4, 2, 5, 4, 4, 5, 6, 4, 5, 4, 6, 4, 3, 3, 5, 5, 6, 2, 2, 7, 8, 2, 4, 4, 5, 4, 6, 3, 3, 5, 6, 4, 4, 5, 6, 4, 5, 4, 6, 3, 5, 4, 6, 5, 2, 4, 4, 5, 6, 4, 4, 7, 4, 2, 4, 4, 2, 6, 7, 5, 5, 6, 5, 5, 5, 4, 3, 4, 4, 6, 4, 9, 6, 5, 5, 5, 7, 6, 4, 3, 8, 4, 3, 5, 7, 4, 3, 6, 7, 3, 6, 4, 5, 5, 2, 5, 4, 2, 2, 4, 5, 7, 3, 4, 3, 5, 2, 3, 4, 4, 5, 4, 4, 4, 5, 8, 2, 8, 5, 7, 5, 3, 4, 5, 7, 3, 5, 2, 4, 2, 4, 5, 5, 3, 4, 5, 4, 5, 3, 3, 3, 5, 4, 3, 5, 3, 3, 3, 2, 3, 4, 6, 4, 4, 2, 3, 2, 5, 4, 3, 3, 2, 3, 2, 2, 5, 2, 2, 3, 2, 2, 4, 3, 5, 4, 3, 6, 2, 5, 4, 5, 5, 7, 2, 2, 10, 3, 3, 3, 6, 5, 3, 2, 4, 4, 3, 5, 3, 2, 3, 9, 4, 2, 5, 3, 4, 2, 5, 3, 6, 2, 5, 4, 3, 3, 2, 4, 3, 4, 5, 6, 4, 3, 5, 4, 5, 5, 3, 3, 3, 3, 5, 4, 3, 7, 4, 3, 5, 4, 5, 4, 4, 7, 6, 5]",1.15625,21,25,5,33,37,89,0.020939276099311996,0.02662279389769668,17,0.053125,3343
149080,71543,2319,19,0.0081931867184131,11.928571428571429,8.82318410297067,910,0.18818380743982493,0.23304157549234136,4.2680525164113785,"[6, 7, 10, 3, 5, 4, 8, 3, 8, 8, 5, 5, 5, 4, 5, 6, 5, 6, 6, 5, 11, 4, 7, 4, 4, 7, 7, 5, 5, 3, 5, 3, 4, 8, 4, 6, 4, 4, 4, 5, 6, 4, 5, 7, 5, 7, 10, 6, 4, 6, 10, 5, 4, 6, 4, 5, 8, 9, 6, 5, 5, 6, 4, 7, 5, 5, 4, 10, 7, 6, 5, 4, 4, 6, 6, 4, 8, 5, 7, 5, 3, 5, 5, 5, 6, 4, 5, 6, 5, 5, 8, 3, 7, 4, 7, 5, 7, 3, 4, 7, 9, 4, 5, 4, 10, 7, 5, 4, 6, 5, 4, 5, 4, 7, 4, 6, 4, 4, 5, 6, 6, 5, 5, 6, 8, 6, 5, 8, 5, 4, 6, 3, 5, 9, 5, 7, 4, 7, 6, 6, 5, 4, 5, 8, 4, 5, 3, 5, 5, 7, 4, 3, 4, 3, 8, 3, 6, 8, 2, 5, 3, 3, 3, 5, 2, 3, 3, 4, 5, 4, 3, 4, 2, 4, 2, 3, 7, 3, 2, 4, 5, 2, 2, 2, 6, 6, 4, 3, 4, 6, 2, 3, 2, 4, 3, 3, 4, 6, 6, 4, 4, 4, 3, 3, 4, 2, 4, 3, 2, 4, 3, 2, 3, 2, 3, 4, 3, 3, 3, 3, 5, 5, 3, 4, 4, 5, 3, 3, 4, 6, 5, 4, 3, 5, 3, 3, 3, 2, 4, 3, 5, 2, 5, 4, 3, 3, 4, 5, 5, 5, 4, 6, 3, 3, 3, 3, 2, 4, 6, 6, 5, 4, 4, 4, 2, 5, 2, 4, 4, 4, 2, 2, 3, 6, 3, 5, 4, 4, 3, 3, 4, 3, 5, 3, 3, 2, 3, 3, 3, 4, 4, 3, 3, 4, 6, 3, 3, 3, 4, 6, 4, 2, 3, 2, 3, 4, 6, 3, 3, 2, 2, 4, 2, 3, 3, 4, 3, 4, 3, 4, 3, 2, 4, 4, 3, 3, 4, 4, 2, 4, 3, 4, 3, 2, 6, 3, 3, 3, 3, 3, 3, 4, 2, 4, 3, 3, 4, 3, 3, 3, 2, 4, 3, 3, 2, 4, 4, 4, 2, 3, 3, 2, 5, 3, 5, 2, 2, 3, 3, 7, 3, 2, 2, 5, 7, 3, 9, 3, 7, 3, 3, 4, 3, 4, 2, 5, 3, 7, 5, 3, 9, 4, 3, 5, 4, 2, 4, 5, 4, 3, 3, 4, 4, 7, 5, 8, 2, 3, 5, 2, 3, 3, 4, 4, 3, 2, 3, 4, 4, 3, 2, 3, 4, 2, 3, 3, 4, 3, 4, 3, 4, 8, 4, 9, 8, 4, 6, 7, 4, 7, 3, 5, 3, 6, 4, 4, 4, 5, 6, 4, 5, 5, 6, 4, 4, 4, 5, 5, 2, 5, 5, 4, 4, 4, 4, 6, 4, 9, 2, 3, 4, 3, 2, 3, 5, 3, 5, 4, 3, 2, 3, 4, 3, 3, 2, 2, 3, 3, 3, 2, 3, 3, 7, 4, 2, 3, 2, 4, 4, 6, 4, 5, 3, 3, 6, 5, 4, 4, 3, 3, 4, 6, 2, 4, 4, 4, 5, 5, 3, 3, 4, 2, 3, 4, 2, 3, 4, 4, 6, 3, 7, 5, 4, 6, 3, 3, 2, 10, 6, 2, 3, 3, 3, 2, 3, 4, 3, 4, 5, 4, 2, 4, 4, 5, 3, 3, 2, 4, 4, 4, 3, 3, 3, 5, 2, 2, 5, 4, 6, 4, 2, 4, 2, 3, 4, 5, 2, 2, 2, 4, 6, 4, 2, 3, 4, 3, 3, 5, 3, 2, 4, 3, 5, 3, 3, 3, 6, 2, 3, 3, 6, 2, 5, 6, 5, 4, 4, 9, 7, 6, 8, 6, 6, 3, 5, 5, 9, 4, 7, 6, 4, 4, 6, 3, 2, 4, 5, 3, 6, 2, 4, 5, 2, 5, 4, 7, 3, 4, 8, 6, 4, 7, 5, 7, 3, 7, 4, 4, 5, 4, 3, 4, 5, 11, 2, 2, 7, 2, 3, 2, 3, 2, 5, 2, 4, 2, 3, 4, 2, 5, 5, 3, 6, 3, 4, 2, 6, 7, 3, 8, 4, 4, 3, 3, 5, 3, 3, 3, 2, 4, 3, 3, 3, 2, 3, 2, 3, 4, 4, 6, 5, 2, 2, 3, 4, 4, 2, 2, 2, 2, 3, 3, 3, 4, 5, 7, 2, 4, 3, 3, 2, 3, 5, 5, 2, 2, 3, 4, 2, 5, 4, 3, 4, 4, 3, 3, 4, 3, 3, 3, 4, 5, 6, 4, 5, 2, 6, 6, 6, 8, 4, 3, 6, 7, 4, 7, 6, 4, 4, 6, 6, 7, 5, 6, 3, 3, 4, 8, 4, 2, 2, 5, 3, 6, 3, 5, 5, 7, 8, 6, 5, 6, 5, 5, 6, 4, 6, 4, 3, 5, 6, 4, 5, 4, 5, 6, 6, 3, 6, 5, 4, 3, 5, 4, 5, 5, 4, 5, 4, 6, 4, 7, 6, 6, 5, 4, 5, 3, 3, 5, 3, 4, 2, 7, 5, 5, 9, 3, 2, 5, 3, 5, 2, 3, 5, 5, 5, 3, 3, 4, 4, 3, 4, 4, 2, 5, 4, 2, 3, 3, 3, 4, 3, 6, 4, 4, 6, 7, 6, 5, 5, 4, 6, 8, 5, 3, 4, 5, 5, 5, 5, 3, 4, 7, 4, 3, 7, 5, 4, 6, 5, 5, 5, 4, 3, 7, 3, 5, 4, 5, 5, 5, 8, 5, 5, 7, 4, 5, 4, 4, 6, 4, 4, 2, 3, 6, 3, 4, 3, 6, 8, 5, 7, 3]",1.4120879120879122,410,111,0,168,129,331,0.027360663288807003,0.030492860432980193,131,0.14395604395604394,10855
288826,40138,1158,11,0.0094991364421416,8.50297619047619,6.248218112323225,672,0.1678832116788321,0.18832116788321168,3.7868613138686134,"[4, 4, 5, 5, 2, 3, 4, 5, 3, 4, 3, 3, 4, 4, 5, 3, 3, 7, 5, 3, 3, 4, 3, 4, 4, 3, 3, 3, 4, 4, 7, 7, 4, 4, 5, 3, 4, 6, 3, 2, 3, 4, 4, 5, 6, 5, 4, 3, 9, 6, 3, 3, 4, 4, 5, 4, 6, 4, 5, 2, 3, 4, 3, 5, 5, 4, 4, 3, 5, 6, 3, 5, 4, 8, 4, 6, 6, 4, 4, 4, 4, 3, 4, 3, 5, 5, 4, 5, 2, 4, 2, 3, 5, 4, 4, 6, 4, 3, 4, 4, 2, 4, 2, 2, 3, 4, 4, 3, 3, 4, 6, 5, 4, 4, 4, 4, 2, 3, 5, 4, 4, 5, 3, 4, 3, 5, 2, 4, 5, 3, 7, 6, 3, 5, 7, 3, 4, 3, 4, 3, 4, 6, 4, 2, 3, 6, 5, 2, 4, 6, 4, 4, 3, 3, 6, 5, 3, 4, 5, 7, 4, 3, 4, 5, 4, 7, 6, 2, 3, 4, 4, 3, 3, 2, 4, 4, 3, 8, 4, 3, 5, 4, 5, 3, 5, 5, 4, 4, 3, 3, 4, 6, 7, 6, 5, 5, 4, 6, 5, 2, 3, 2, 3, 2, 2, 3, 4, 3, 2, 4, 2, 3, 2, 4, 2, 2, 4, 2, 2, 2, 2, 2, 2, 2, 3, 4, 3, 2, 3, 5, 7, 3, 7, 3, 4, 3, 4, 4, 3, 4, 3, 6, 3, 4, 3, 3, 3, 8, 4, 3, 2, 2, 3, 4, 5, 3, 4, 3, 3, 6, 3, 8, 2, 3, 3, 4, 2, 2, 5, 3, 4, 5, 3, 4, 4, 3, 5, 3, 3, 3, 3, 3, 5, 4, 6, 3, 3, 5, 5, 4, 4, 4, 4, 2, 2, 3, 2, 3, 4, 3, 3, 3, 5, 3, 4, 4, 4, 4, 2, 4, 6, 3, 2, 3, 3, 5, 5, 3, 3, 2, 3, 3, 3, 3, 4, 3, 2, 2, 3, 4, 3, 2, 2, 5, 4, 3, 3, 3, 4, 3, 4, 8, 2, 2, 5, 3, 3, 3, 3, 3, 4, 3, 3, 2, 4, 3, 4, 4, 3, 3, 3, 4, 12, 4, 2, 3, 3, 2, 3, 3, 2, 5, 4, 3, 4, 3, 3, 2, 3, 2, 5, 2, 2, 3, 2, 3, 2, 3, 3, 2, 5, 2, 2, 3, 3, 3, 4, 5, 4, 4, 3, 5, 4, 6, 5, 4, 5, 4, 4, 4, 5, 2, 5, 4, 4, 2, 3, 2, 3, 2, 3, 4, 5, 3, 5, 4, 6, 3, 4, 4, 3, 5, 4, 3, 4, 4, 2, 3, 4, 3, 3, 2, 3, 5, 5, 4, 3, 3, 4, 3, 2, 4, 4, 3, 3, 3, 4, 6, 3, 2, 3, 4, 4, 3, 6, 4, 3, 3, 3, 3, 2, 3, 3, 5, 3, 5, 3, 3, 3, 5, 5, 3, 2, 2, 3, 3, 3, 3, 6, 5, 5, 3, 4, 3, 5, 6, 3, 5, 3, 4, 4, 5, 7, 5, 6, 5, 7, 3, 5, 3, 5, 5, 6, 4, 2, 3, 5, 4, 5, 6, 4, 6, 5, 6, 4, 5, 8, 5, 4, 3, 4, 4, 6, 4, 4, 5, 4, 2, 2, 3, 5, 3, 3, 2, 4, 4, 4, 3, 4, 4, 6, 4, 6, 3, 3, 5, 3, 5, 6, 4, 5, 4, 5, 2, 4, 4, 3, 3, 7, 3, 7, 6, 8, 5, 3, 2, 4, 5, 4, 2, 4, 2, 3, 4, 2, 3, 4, 3, 5, 5, 3, 2, 2, 2, 2, 4, 3, 4, 3, 2, 2, 3, 6, 3, 4, 4, 6, 2, 3, 2, 2, 2, 2, 3, 3, 3, 4, 2, 3, 4, 2, 2, 4, 2, 4, 3, 4, 6, 4, 2, 3, 2, 3, 3, 2, 3, 2, 3, 6, 2, 3, 5, 6, 3, 4, 4, 3, 5, 2, 5, 2, 4, 2, 6, 3, 5, 2, 3, 3, 5, 5, 6, 5, 3, 3, 5, 6, 4, 3, 5, 4, 3, 4, 6, 3, 5, 4, 8, 4, 7, 5, 3, 4, 4, 1]",0.8184523809523809,35,53,0,95,63,131,0.027651382569128455,0.022926146307315366,106,0.15773809523809523,5714
163931,64997,1423,16,0.0112438510189739,10.610816542948038,5.693346367204963,943,0.3671957671957672,0.46984126984126984,4.2708994708994705,"[5, 5, 6, 4, 4, 5, 7, 3, 4, 7, 4, 2, 6, 4, 3, 3, 4, 4, 4, 4, 3, 7, 4, 4, 4, 3, 4, 4, 3, 4, 4, 2, 3, 4, 5, 5, 4, 3, 4, 2, 3, 5, 3, 4, 3, 4, 5, 4, 6, 3, 5, 2, 5, 4, 4, 3, 4, 3, 5, 3, 3, 4, 4, 4, 3, 4, 6, 3, 4, 4, 2, 2, 3, 4, 3, 3, 5, 5, 5, 7, 2, 4, 4, 7, 4, 7, 8, 5, 4, 7, 4, 4, 3, 7, 5, 3, 4, 5, 5, 4, 3, 3, 4, 5, 4, 3, 3, 3, 3, 6, 5, 2, 5, 7, 8, 6, 6, 7, 5, 5, 6, 8, 4, 3, 4, 7, 3, 5, 4, 4, 5, 11, 6, 5, 3, 3, 5, 5, 5, 3, 3, 3, 4, 4, 6, 4, 6, 5, 5, 5, 7, 4, 4, 6, 7, 4, 5, 3, 5, 4, 4, 5, 6, 7, 4, 4, 5, 8, 9, 3, 5, 3, 8, 3, 3, 6, 5, 4, 4, 5, 5, 3, 4, 5, 6, 5, 4, 4, 4, 7, 6, 4, 5, 9, 5, 5, 3, 4, 7, 5, 7, 7, 5, 7, 5, 2, 6, 4, 3, 7, 5, 3, 2, 4, 4, 4, 4, 5, 5, 6, 7, 6, 4, 3, 4, 6, 4, 4, 3, 5, 5, 4, 5, 3, 3, 3, 6, 3, 3, 5, 3, 2, 3, 4, 4, 5, 4, 2, 3, 5, 6, 5, 4, 5, 6, 5, 5, 4, 4, 4, 5, 5, 5, 3, 5, 3, 3, 4, 3, 3, 2, 2, 4, 2, 3, 5, 4, 3, 3, 2, 4, 3, 5, 3, 5, 4, 5, 6, 6, 3, 5, 4, 3, 4, 3, 3, 5, 3, 5, 4, 5, 3, 3, 5, 6, 3, 3, 6, 4, 5, 6, 5, 7, 7, 6, 6, 4, 4, 7, 7, 4, 6, 4, 4, 5, 4, 4, 4, 5, 5, 4, 3, 4, 6, 7, 6, 6, 6, 5, 4, 5, 5, 4, 7, 2, 3, 6, 5, 4, 5, 3, 3, 4, 7, 2, 4, 4, 5, 5, 4, 4, 4, 4, 6, 6, 4, 6, 5, 3, 6, 6, 4, 5, 8, 5, 9, 4, 4, 7, 4, 6, 5, 5, 3, 3, 3, 5, 4, 5, 4, 4, 6, 4, 4, 5, 6, 7, 3, 3, 3, 6, 3, 4, 3, 5, 2, 3, 4, 3, 4, 4, 3, 4, 2, 3, 5, 4, 4, 3, 6, 3, 4, 4, 5, 4, 4, 3, 5, 8, 2, 2, 4, 5, 4, 4, 5, 4, 4, 5, 5, 5, 5, 4, 8, 7, 5, 5, 3, 5, 4, 5, 3, 5, 4, 4, 5, 3, 3, 6, 5, 2, 5, 3, 3, 3, 5, 4, 4, 4, 3, 5, 5, 5, 5, 4, 5, 6, 7, 4, 4, 5, 4, 7, 6, 3, 6, 3, 2, 4, 3, 2, 3, 4, 5, 4, 3, 3, 5, 3, 2, 5, 2, 3, 3, 7, 5, 7, 6, 7, 6, 5, 5, 4, 4, 4, 4, 5, 5, 4, 5, 4, 4, 5, 4, 5, 5, 6, 4, 3, 4, 7, 4, 5, 3, 5, 6, 4, 3, 5, 5, 6, 2, 3, 2, 3, 5, 3, 4, 5, 5, 6, 4, 4, 6, 5, 5, 2, 3, 4, 3, 4, 6, 4, 3, 2, 3, 4, 4, 4, 2, 5, 3, 4, 5, 6, 3, 4, 4, 6, 2, 5, 7, 2, 4, 4, 5, 3, 5, 2, 3, 5, 4, 4, 4, 5, 3, 4, 3, 4, 3, 4, 2, 3, 3, 4, 3, 2, 4, 3, 4, 4, 4, 4, 4, 4, 5, 3, 4, 4, 3, 3, 3, 2, 5, 2, 2, 3, 3, 3, 4, 3, 7, 9, 5, 5, 5, 4, 4, 6, 6, 5, 5, 8, 5, 2, 3, 3, 4, 4, 3, 3, 2, 3, 3, 3, 3, 5, 5, 3, 4, 4, 4, 3, 3, 3, 3, 5, 5, 3, 3, 5, 3, 4, 3, 4, 3, 5, 4, 3, 5, 5, 5, 6, 5, 5, 5, 8, 6, 4, 3, 2, 5, 7, 3, 3, 5, 4, 3, 4, 5, 7, 3, 5, 3, 5, 4, 4, 6, 4, 5, 7, 5, 5, 5, 4, 5, 4, 5, 3, 2, 5, 7, 6, 5, 4, 4, 5, 3, 4, 4, 2, 2, 2, 6, 5, 2, 6, 6, 4, 6, 3, 5, 3, 4, 5, 6, 4, 2, 4, 7, 3, 5, 4, 3, 4, 4, 3, 4, 2, 5, 4, 3, 4, 4, 3, 3, 4, 3, 4, 3, 4, 6, 5, 5, 4, 4, 3, 5, 4, 2, 4, 5, 3, 5, 4, 3, 5, 2, 4, 5, 4, 5, 5, 5, 5, 5, 4, 4, 4, 3, 3, 3, 3, 2, 3, 2, 4, 3, 5, 2, 3, 4, 6, 6, 3, 5, 5, 3, 5, 4, 4, 3, 3, 6, 3, 3, 5, 2, 4, 5, 4, 3, 3, 5, 4, 4, 4, 5, 7, 4, 4, 5, 3, 4, 3, 3, 3, 4, 5, 2, 4, 4, 4, 4, 3, 5, 3, 3, 2, 4, 3, 3, 3, 3, 3, 6, 4, 4, 5, 4, 4, 4, 6, 4, 3, 2, 3, 3, 6, 5, 5, 3, 3, 3, 4, 5, 3, 9, 5, 8, 9, 5, 4, 6, 2, 2, 3, 5, 4, 4, 4, 2, 6, 2, 4, 3, 2, 3, 4, 4, 4, 3, 4, 5, 9, 2, 2, 4, 6, 4, 2, 6, 3, 3, 2, 4, 3, 6, 2, 7, 4, 4, 3, 7, 5, 5, 3, 5, 5, 5, 6, 4, 3, 6, 4]",1.5737009544008485,30,68,12,92,120,296,0.021187287627423546,0.029582250649610235,196,0.20784729586426298,10006
62352,27475,2403,53,0.0220557636287973,9.71860465116279,5.742929404206817,430,0.22916666666666666,0.28935185185185186,4.025462962962963,"[5, 3, 5, 3, 3, 4, 5, 4, 4, 3, 2, 4, 6, 2, 3, 3, 7, 3, 3, 3, 3, 5, 4, 4, 4, 3, 3, 3, 7, 7, 5, 5, 4, 7, 3, 3, 4, 4, 4, 3, 3, 4, 4, 5, 9, 6, 6, 4, 2, 3, 6, 4, 4, 2, 5, 3, 2, 2, 2, 3, 4, 4, 4, 3, 3, 5, 6, 5, 5, 3, 5, 4, 5, 2, 2, 6, 4, 3, 5, 3, 3, 3, 5, 5, 5, 6, 4, 6, 6, 3, 5, 3, 3, 5, 5, 5, 3, 4, 3, 4, 2, 2, 2, 7, 4, 2, 4, 6, 3, 7, 7, 4, 4, 5, 4, 4, 5, 4, 3, 4, 3, 2, 5, 4, 3, 7, 3, 3, 5, 3, 5, 4, 5, 6, 5, 7, 6, 7, 9, 4, 4, 4, 7, 3, 4, 4, 3, 3, 4, 3, 3, 7, 7, 2, 5, 5, 2, 7, 5, 5, 10, 5, 6, 4, 4, 6, 4, 6, 5, 5, 5, 4, 4, 5, 3, 3, 4, 4, 2, 2, 3, 3, 4, 4, 3, 3, 3, 4, 3, 5, 3, 2, 5, 3, 4, 4, 5, 4, 4, 3, 3, 2, 3, 2, 4, 3, 3, 3, 5, 5, 3, 4, 6, 2, 2, 5, 3, 4, 5, 4, 5, 5, 2, 3, 4, 5, 3, 4, 5, 5, 2, 4, 3, 5, 3, 5, 3, 5, 4, 3, 4, 4, 2, 4, 5, 4, 4, 4, 2, 2, 5, 2, 3, 2, 4, 4, 4, 3, 5, 5, 7, 6, 4, 4, 5, 4, 4, 4, 3, 4, 3, 2, 3, 5, 2, 2, 4, 3, 4, 5, 2, 4, 2, 3, 4, 3, 2, 4, 4, 3, 4, 3, 5, 5, 7, 4, 3, 2, 3, 6, 3, 4, 3, 4, 4, 3, 8, 4, 4, 2, 5, 4, 4, 3, 4, 7, 5, 3, 2, 3, 5, 4, 5, 6, 3, 5, 3, 3, 3, 3, 5, 2, 4, 4, 4, 4, 4, 3, 2, 3, 4, 2, 2, 2, 2, 3, 3, 4, 4, 3, 5, 5, 6, 7, 10, 3, 5, 4, 7, 4, 3, 2, 4, 4, 5, 4, 4, 3, 4, 4, 3, 6, 6, 3, 4, 5, 5, 6, 2, 4, 2, 3, 4, 2, 4, 4, 4, 3, 3, 4, 3, 6, 5, 3, 6, 6, 4, 7, 6, 3, 5, 3, 4, 2, 4, 7, 5, 5, 5, 4, 5, 7, 4, 5, 7, 5, 7, 6, 3, 3, 4, 2, 2, 3, 4, 5, 2, 3, 2, 2, 3, 2]",0.9255813953488372,38,41,0,52,76,173,0.03062933716200048,0.04139746350801627,82,0.19069767441860466,4179
162053,57332,1658,7,0.0042219541616405,10.004366812227074,6.887065768466388,916,0.27747551686615884,0.338411316648531,4.025027203482046,"[4, 3, 2, 2, 2, 5, 5, 5, 5, 3, 5, 6, 5, 5, 3, 2, 2, 5, 5, 5, 3, 3, 3, 4, 5, 2, 7, 2, 3, 2, 5, 6, 2, 5, 3, 3, 2, 2, 2, 3, 4, 2, 4, 2, 3, 6, 4, 4, 6, 4, 5, 3, 3, 2, 5, 5, 4, 6, 4, 2, 5, 6, 3, 3, 3, 2, 5, 3, 3, 4, 2, 2, 3, 6, 6, 3, 5, 3, 3, 3, 3, 5, 3, 3, 3, 4, 5, 3, 2, 10, 4, 6, 5, 4, 7, 4, 7, 3, 2, 2, 7, 7, 2, 4, 4, 4, 5, 2, 3, 4, 2, 4, 2, 2, 2, 2, 6, 2, 2, 3, 4, 5, 4, 3, 4, 4, 5, 4, 3, 2, 4, 2, 5, 2, 3, 4, 4, 2, 3, 2, 6, 4, 4, 4, 5, 6, 3, 2, 3, 3, 4, 3, 3, 5, 2, 2, 2, 3, 7, 2, 6, 3, 5, 3, 6, 5, 3, 5, 5, 8, 4, 7, 3, 6, 4, 4, 5, 4, 5, 4, 6, 2, 4, 2, 9, 5, 5, 6, 5, 6, 5, 5, 3, 5, 3, 6, 5, 3, 2, 6, 3, 4, 5, 4, 5, 5, 4, 4, 4, 2, 4, 4, 3, 4, 3, 4, 6, 4, 3, 4, 5, 4, 2, 4, 4, 6, 3, 3, 3, 2, 3, 2, 4, 4, 3, 7, 3, 3, 4, 5, 2, 2, 7, 7, 5, 2, 4, 3, 4, 6, 8, 5, 3, 3, 5, 2, 4, 4, 4, 3, 4, 4, 2, 5, 3, 4, 5, 5, 6, 3, 2, 2, 5, 7, 6, 4, 3, 5, 3, 4, 3, 3, 4, 5, 4, 5, 4, 3, 2, 3, 3, 2, 2, 6, 5, 2, 2, 3, 2, 2, 4, 4, 3, 3, 3, 3, 6, 4, 4, 2, 4, 5, 4, 3, 7, 3, 3, 3, 3, 2, 6, 4, 3, 7, 6, 3, 4, 7, 5, 6, 4, 4, 4, 3, 5, 6, 3, 4, 3, 5, 2, 8, 5, 7, 5, 3, 6, 4, 3, 4, 4, 2, 3, 3, 4, 10, 5, 3, 3, 3, 9, 5, 3, 9, 4, 3, 8, 4, 7, 5, 5, 3, 4, 9, 5, 6, 4, 7, 3, 5, 3, 7, 2, 4, 8, 7, 4, 4, 3, 6, 4, 3, 3, 3, 6, 3, 2, 7, 6, 4, 2, 4, 3, 4, 6, 3, 10, 5, 3, 4, 7, 5, 4, 5, 4, 3, 4, 4, 3, 5, 3, 7, 3, 2, 3, 4, 4, 6, 3, 5, 4, 3, 3, 6, 5, 5, 4, 4, 6, 3, 3, 4, 3, 5, 7, 3, 5, 3, 4, 3, 5, 3, 3, 6, 3, 3, 3, 6, 5, 5, 3, 4, 6, 4, 6, 4, 3, 2, 5, 3, 4, 4, 5, 5, 4, 4, 6, 4, 3, 3, 4, 6, 4, 5, 4, 4, 9, 6, 6, 3, 6, 4, 9, 4, 4, 5, 3, 3, 4, 5, 4, 2, 3, 4, 5, 2, 5, 3, 4, 4, 5, 6, 4, 3, 4, 7, 6, 4, 3, 4, 3, 3, 3, 7, 4, 4, 5, 2, 3, 4, 3, 3, 5, 11, 4, 3, 3, 4, 3, 5, 4, 6, 4, 2, 9, 4, 6, 6, 3, 4, 4, 5, 5, 5, 4, 3, 3, 3, 3, 4, 8, 4, 4, 3, 5, 3, 4, 3, 4, 4, 3, 5, 6, 3, 6, 5, 4, 5, 6, 5, 4, 6, 3, 8, 3, 4, 3, 5, 2, 6, 4, 4, 4, 2, 4, 4, 4, 4, 3, 5, 3, 4, 5, 3, 7, 5, 4, 4, 2, 2, 4, 3, 5, 3, 4, 5, 2, 4, 3, 2, 3, 4, 6, 2, 3, 6, 5, 4, 2, 3, 7, 2, 3, 5, 4, 5, 4, 2, 2, 3, 4, 5, 5, 4, 5, 3, 4, 4, 6, 4, 3, 4, 4, 5, 2, 3, 3, 4, 3, 3, 5, 3, 2, 5, 4, 3, 3, 4, 4, 3, 2, 5, 5, 2, 3, 2, 4, 2, 3, 5, 3, 4, 2, 3, 3, 3, 5, 3, 2, 4, 4, 4, 5, 3, 4, 3, 3, 4, 3, 4, 6, 7, 3, 2, 5, 6, 5, 5, 3, 6, 2, 3, 4, 5, 3, 3, 6, 10, 4, 5, 2, 6, 4, 5, 5, 4, 5, 2, 3, 2, 5, 6, 4, 4, 4, 4, 3, 7, 3, 3, 2, 6, 5, 4, 2, 5, 4, 4, 3, 4, 3, 3, 2, 3, 5, 5, 5, 3, 3, 5, 2, 2, 3, 2, 4, 5, 3, 2, 4, 3, 2, 5, 2, 3, 2, 3, 4, 3, 5, 4, 4, 3, 6, 4, 3, 4, 3, 6, 3, 3, 3, 4, 3, 2, 3, 3, 4, 2, 3, 2, 3, 2, 2, 2, 5, 3, 2, 3, 7, 4, 3, 5, 3, 2, 4, 2, 6, 3, 3, 3, 3, 3, 3, 3, 4, 3, 5, 6, 3, 4, 3, 8, 2, 3, 4, 2, 5, 3, 3, 3, 3, 4, 5, 4, 4, 4, 7, 4, 6, 3, 3, 4, 3, 4, 4, 6, 6, 5, 3, 3, 3, 3, 3, 4, 5, 2, 2, 2, 4, 8, 4, 4, 4, 3, 3, 3, 5, 2, 5, 3, 4, 6, 4, 4, 2, 3, 4, 5, 5, 3, 4, 4, 4, 3, 5, 4, 6, 4, 5, 7, 5, 2, 8, 6, 4, 6, 6, 3, 3, 5, 4, 4, 4, 4, 3, 8, 5, 13, 8]",1.2936681222707425,38,83,54,96,161,199,0.02804452204277608,0.021715408118725448,30,0.03275109170305677,9164
38316,53276,2231,10,0.0044822949350067,15.001818181818182,8.477442282527498,550,0.33152173913043476,0.427536231884058,5.063405797101449,"[3, 3, 6, 8, 5, 4, 3, 5, 2, 5, 3, 4, 8, 8, 7, 3, 4, 7, 4, 4, 3, 8, 5, 4, 5, 5, 9, 7, 6, 7, 6, 9, 11, 8, 4, 8, 4, 6, 5, 7, 4, 5, 6, 5, 5, 10, 8, 6, 5, 9, 5, 4, 4, 5, 7, 4, 3, 3, 6, 7, 2, 6, 4, 4, 3, 3, 6, 6, 7, 5, 4, 5, 2, 4, 3, 3, 8, 4, 3, 6, 3, 6, 4, 9, 2, 6, 4, 3, 5, 5, 3, 5, 6, 4, 5, 2, 3, 5, 4, 2, 5, 5, 4, 3, 4, 3, 9, 3, 4, 4, 6, 3, 8, 6, 3, 4, 3, 4, 8, 7, 5, 7, 4, 6, 11, 5, 4, 2, 5, 5, 6, 4, 2, 4, 5, 7, 3, 3, 4, 5, 4, 6, 4, 6, 6, 10, 3, 4, 7, 2, 6, 9, 7, 2, 5, 6, 4, 6, 3, 5, 6, 5, 2, 5, 4, 8, 5, 5, 2, 2, 6, 3, 5, 5, 4, 7, 7, 4, 6, 5, 4, 8, 7, 6, 6, 3, 5, 5, 3, 4, 4, 2, 2, 3, 5, 5, 6, 4, 5, 4, 5, 3, 3, 4, 6, 3, 5, 3, 5, 2, 4, 6, 6, 6, 5, 6, 5, 6, 5, 3, 4, 6, 3, 4, 5, 6, 6, 4, 5, 5, 8, 3, 3, 7, 6, 4, 2, 4, 7, 13, 4, 2, 7, 6, 9, 6, 7, 7, 2, 3, 4, 4, 6, 3, 4, 8, 9, 4, 6, 6, 6, 7, 4, 4, 4, 5, 3, 10, 4, 8, 9, 4, 6, 7, 7, 2, 4, 6, 3, 6, 8, 4, 6, 5, 7, 4, 6, 7, 3, 5, 7, 6, 6, 9, 3, 3, 3, 3, 6, 5, 6, 6, 7, 5, 4, 2, 4, 5, 5, 7, 4, 4, 4, 2, 4, 5, 5, 6, 4, 6, 5, 5, 6, 9, 6, 6, 7, 5, 4, 4, 7, 4, 5, 5, 5, 3, 6, 8, 4, 5, 4, 6, 5, 6, 5, 6, 5, 7, 4, 5, 9, 4, 4, 8, 3, 4, 5, 6, 4, 4, 7, 7, 4, 6, 8, 4, 4, 5, 6, 6, 6, 5, 5, 9, 4, 4, 6, 4, 8, 4, 5, 4, 4, 5, 4, 3, 6, 4, 6, 6, 3, 5, 3, 4, 8, 2, 5, 4, 5, 4, 7, 6, 3, 5, 3, 5, 4, 5, 7, 10, 4, 5, 4, 10, 5, 5, 5, 4, 10, 6, 6, 6, 5, 7, 3, 6, 6, 4, 5, 6, 7, 6, 3, 5, 2, 4, 9, 6, 4, 6, 6, 4, 5, 6, 7, 4, 5, 5, 4, 10, 6, 4, 3, 5, 4, 8, 7, 8, 8, 6, 6, 6, 4, 4, 8, 6, 4, 5, 3, 7, 5, 4, 4, 5, 5, 6, 8, 9, 6, 3, 4, 5, 7, 5, 5, 5, 4, 4, 2, 4, 6, 2, 5, 7, 5, 5, 6, 4, 4, 5, 6, 3, 5, 5, 4, 4, 4, 5, 3, 6, 5, 4, 4, 4, 5, 4, 4, 4, 5, 5, 5, 4, 7, 4, 6, 4, 3, 5, 6, 5, 4, 3, 6, 7, 6, 5, 4, 5, 6, 5, 5, 4, 3, 4, 5, 6, 2, 3, 4, 3, 7, 3]",1.4290909090909092,7,59,1,105,56,297,0.019512786328929825,0.03599563689249788,0,0.0,8251
298396,23452,1053,7,0.0066476733143399,7.016064257028113,4.4045594370943535,498,0.15725806451612903,0.1774193548387097,3.5725806451612905,"[4, 3, 2, 2, 4, 5, 4, 6, 6, 6, 2, 6, 3, 2, 2, 5, 2, 2, 2, 3, 3, 4, 2, 4, 4, 6, 4, 4, 3, 4, 3, 4, 3, 3, 2, 4, 3, 2, 3, 5, 6, 4, 3, 4, 4, 2, 5, 4, 5, 4, 2, 5, 5, 5, 3, 4, 2, 4, 3, 2, 4, 4, 2, 4, 2, 2, 2, 3, 2, 4, 2, 2, 6, 3, 2, 6, 3, 3, 3, 4, 4, 4, 2, 3, 4, 3, 2, 3, 2, 4, 3, 3, 3, 3, 2, 3, 3, 4, 3, 3, 3, 3, 4, 5, 4, 3, 4, 3, 3, 6, 5, 3, 4, 5, 4, 3, 5, 2, 3, 4, 3, 3, 3, 2, 3, 2, 3, 5, 6, 4, 7, 2, 3, 4, 5, 4, 4, 4, 4, 2, 5, 2, 2, 2, 3, 3, 2, 3, 3, 3, 3, 4, 4, 3, 4, 3, 8, 2, 2, 2, 4, 2, 3, 3, 4, 4, 4, 5, 4, 3, 2, 3, 4, 3, 4, 4, 2, 4, 2, 4, 3, 5, 5, 3, 2, 4, 5, 9, 3, 5, 3, 6, 3, 3, 3, 3, 3, 4, 2, 3, 4, 2, 3, 3, 2, 3, 2, 3, 3, 3, 4, 3, 6, 3, 3, 6, 4, 3, 3, 4, 3, 4, 4, 4, 4, 3, 4, 5, 2, 4, 5, 3, 5, 5, 2, 2, 4, 6, 4, 4, 5, 3, 5, 5, 3, 4, 4, 5, 3, 3, 4, 4, 4, 3, 5, 4, 3, 4, 2, 3, 3, 6, 2, 3, 2, 5, 3, 3, 2, 5, 3, 4, 4, 3, 4, 2, 5, 2, 2, 4, 3, 3, 4, 4, 3, 2, 2, 4, 4, 5, 4, 3, 5, 4, 3, 4, 3, 2, 5, 4, 3, 4, 4, 4, 2, 3, 6, 3, 4, 3, 3, 4, 2, 3, 3, 3, 4, 3, 5, 4, 3, 3, 2, 2, 2, 4, 2, 3, 4, 4, 3, 6, 4, 4, 3, 3, 5, 3, 2, 4, 2, 3, 3, 2, 3, 6, 5, 6, 3, 4, 4, 4, 6, 3, 3, 2, 2, 2, 4, 3, 3, 3, 4, 2, 2, 2, 6, 4, 3, 4, 3, 3, 4, 3, 3, 4, 6, 5, 3, 3, 4, 4, 4, 3, 6, 2, 2, 2, 4, 3, 3, 3, 2, 5, 3, 7, 2, 3, 3, 4, 7, 4, 3, 6, 5, 4, 3, 2, 5, 3, 3, 4, 4, 3, 6, 2, 2, 4, 3, 4, 5, 3, 4, 3, 3, 4, 5, 4, 3, 2, 3, 4, 3, 3, 3, 2, 7, 5, 6, 3, 4, 3, 3, 3, 3, 5, 4, 5, 4, 9, 5, 3, 4, 3, 2, 3, 5, 4, 3, 6, 5, 3, 3, 3, 3, 3, 2, 4, 2, 2, 2, 5, 8, 2, 6, 3, 5, 3, 5, 4, 3, 2, 2, 4, 6, 4, 6, 5, 4, 4, 4, 4, 5, 5, 3, 4]",0.7389558232931727,48,47,8,44,39,131,0.02375500858614768,0.037492844876931886,54,0.10843373493975904,3494
295096,20552,1284,14,0.0109034267912772,6.465408805031447,4.615164819767522,477,0.16842105263157894,0.18736842105263157,3.425263157894737,"[4, 4, 3, 6, 3, 3, 4, 3, 6, 2, 8, 3, 3, 5, 4, 6, 9, 4, 3, 4, 3, 3, 4, 5, 3, 4, 2, 3, 3, 6, 3, 2, 5, 2, 4, 3, 4, 7, 5, 3, 5, 6, 4, 2, 3, 6, 6, 5, 5, 4, 4, 3, 4, 4, 3, 4, 2, 6, 2, 5, 3, 6, 3, 3, 3, 2, 6, 3, 3, 3, 3, 4, 3, 3, 3, 6, 5, 3, 3, 3, 3, 3, 3, 4, 4, 3, 3, 5, 3, 6, 4, 3, 2, 4, 3, 2, 4, 2, 5, 2, 3, 2, 4, 4, 3, 2, 5, 3, 2, 3, 3, 3, 6, 3, 4, 2, 3, 3, 4, 3, 3, 3, 5, 3, 3, 4, 5, 2, 3, 3, 3, 3, 3, 2, 2, 2, 4, 3, 3, 3, 2, 3, 3, 3, 3, 4, 4, 3, 3, 4, 6, 3, 2, 2, 3, 2, 2, 3, 2, 2, 2, 2, 6, 4, 5, 2, 2, 3, 4, 4, 3, 4, 3, 4, 4, 2, 2, 2, 2, 2, 3, 4, 3, 3, 3, 4, 2, 3, 6, 3, 3, 4, 3, 3, 7, 3, 3, 3, 3, 4, 2, 4, 3, 2, 2, 3, 4, 2, 3, 3, 4, 4, 2, 2, 2, 2, 2, 4, 4, 4, 3, 2, 4, 6, 3, 6, 2, 2, 4, 4, 3, 5, 4, 2, 4, 3, 2, 3, 3, 2, 4, 3, 5, 3, 3, 4, 3, 3, 3, 3, 2, 4, 2, 2, 4, 3, 4, 3, 3, 2, 2, 3, 4, 4, 6, 2, 2, 4, 3, 4, 2, 2, 3, 3, 3, 3, 4, 3, 5, 3, 3, 3, 2, 3, 4, 4, 2, 2, 3, 4, 3, 5, 4, 3, 3, 2, 2, 2, 3, 4, 3, 3, 3, 5, 2, 2, 3, 5, 3, 3, 4, 4, 4, 2, 6, 7, 3, 3, 4, 5, 4, 6, 3, 2, 4, 4, 4, 3, 3, 4, 5, 3, 3, 4, 4, 6, 4, 3, 3, 2, 3, 5, 3, 3, 4, 3, 5, 5, 4, 6, 5, 2, 5, 3, 4, 4, 4, 4, 4, 3, 4, 4, 4, 3, 4, 4, 3, 3, 3, 4, 3, 4, 3, 2, 7, 2, 3, 5, 4, 3, 4, 3, 3, 2, 3, 2, 4, 4, 4, 2, 4, 4, 5, 3, 4, 2, 2, 7, 3, 3, 6, 4, 4, 5, 3, 3, 3, 5, 3, 2, 2, 4, 3, 3, 4, 3, 4, 4, 4, 2, 3, 2, 3, 2, 2, 2, 2, 3, 3, 2, 2, 3, 3, 3, 2, 4, 3, 5, 3, 2, 3, 5, 4, 5, 3, 2, 3, 7, 3, 3, 5, 5, 2, 5, 4, 4, 4, 4, 4, 3, 3, 3, 2, 2, 4, 5, 5, 2, 5, 2, 2, 2, 2, 2, 1]",0.7044025157232704,36,48,19,32,15,78,0.01523994811932555,0.02529182879377432,120,0.25157232704402516,3084
19043,65375,2843,39,0.0137179036229335,8.203688181056162,6.309914416452559,1193,0.2600334448160535,0.28762541806020064,3.75,"[5, 4, 3, 3, 3, 6, 4, 6, 7, 6, 5, 4, 5, 9, 3, 2, 3, 5, 3, 4, 2, 2, 2, 4, 4, 4, 3, 2, 2, 3, 3, 2, 3, 4, 3, 2, 5, 4, 2, 2, 6, 4, 7, 5, 11, 4, 4, 2, 11, 3, 4, 2, 5, 4, 3, 3, 3, 5, 4, 3, 4, 6, 2, 3, 5, 2, 3, 2, 2, 4, 5, 3, 3, 5, 4, 2, 4, 4, 5, 5, 2, 8, 3, 6, 5, 4, 3, 6, 3, 2, 3, 4, 4, 4, 2, 4, 2, 4, 5, 3, 4, 6, 3, 4, 3, 3, 2, 2, 3, 4, 5, 3, 2, 2, 3, 3, 2, 3, 2, 4, 2, 4, 4, 2, 2, 2, 3, 3, 2, 2, 2, 3, 2, 3, 4, 2, 3, 3, 3, 2, 3, 4, 2, 2, 4, 3, 2, 3, 2, 3, 2, 4, 3, 2, 4, 4, 4, 6, 3, 2, 2, 3, 3, 4, 5, 2, 2, 4, 2, 3, 2, 3, 4, 5, 6, 4, 4, 5, 5, 4, 4, 3, 6, 4, 5, 4, 6, 3, 9, 5, 5, 5, 5, 2, 2, 3, 3, 3, 3, 3, 3, 3, 4, 4, 5, 3, 4, 2, 3, 2, 2, 5, 4, 4, 4, 4, 4, 4, 5, 5, 2, 4, 3, 5, 3, 6, 3, 3, 4, 3, 3, 4, 5, 2, 3, 6, 4, 3, 2, 5, 3, 4, 3, 2, 3, 4, 3, 4, 3, 2, 3, 5, 7, 2, 6, 5, 4, 3, 3, 2, 2, 3, 4, 5, 4, 4, 3, 3, 5, 8, 3, 3, 3, 3, 3, 4, 4, 3, 3, 3, 5, 5, 2, 4, 3, 2, 3, 3, 3, 3, 3, 4, 5, 3, 3, 3, 2, 2, 3, 5, 3, 6, 4, 3, 4, 2, 2, 3, 5, 2, 2, 2, 6, 3, 2, 2, 4, 4, 6, 3, 6, 2, 3, 2, 3, 5, 4, 3, 4, 4, 2, 4, 5, 3, 3, 3, 5, 2, 6, 2, 2, 4, 5, 6, 3, 4, 2, 3, 3, 4, 4, 4, 6, 3, 4, 7, 2, 3, 3, 3, 3, 5, 7, 5, 5, 3, 2, 2, 5, 5, 3, 4, 4, 4, 7, 4, 4, 2, 5, 2, 3, 3, 2, 5, 5, 6, 2, 3, 4, 3, 5, 2, 4, 3, 2, 5, 3, 2, 2, 5, 4, 3, 3, 3, 2, 2, 2, 5, 3, 4, 3, 2, 2, 2, 5, 2, 3, 6, 3, 4, 5, 4, 8, 4, 5, 5, 6, 4, 4, 6, 4, 3, 4, 9, 3, 3, 4, 4, 3, 4, 3, 6, 6, 6, 7, 4, 8, 6, 7, 5, 3, 4, 5, 3, 6, 5, 4, 8, 3, 5, 4, 3, 3, 3, 5, 5, 5, 7, 5, 2, 5, 2, 2, 2, 2, 2, 2, 2, 2, 2, 2, 2, 2, 2, 2, 2, 2, 2, 2, 2, 3, 5, 2, 3, 4, 4, 4, 6, 4, 4, 3, 4, 5, 3, 5, 4, 4, 7, 3, 3, 2, 5, 3, 3, 2, 2, 2, 4, 2, 2, 6, 4, 6, 3, 4, 5, 2, 2, 2, 4, 2, 2, 2, 4, 3, 3, 5, 4, 5, 3, 5, 3, 6, 3, 4, 3, 6, 2, 3, 3, 2, 2, 5, 2, 3, 3, 2, 3, 3, 3, 5, 4, 8, 6, 5, 3, 2, 7, 3, 2, 5, 4, 3, 4, 5, 3, 3, 5, 3, 3, 5, 5, 5, 2, 3, 3, 3, 4, 5, 2, 2, 3, 6, 2, 4, 5, 7, 5, 3, 5, 3, 4, 8, 5, 3, 6, 4, 3, 4, 4, 4, 6, 4, 5, 4, 3, 6, 7, 7, 4, 2, 5, 7, 7, 4, 3, 3, 5, 3, 7, 7, 7, 5, 2, 2, 2, 3, 4, 3, 3, 2, 4, 3, 4, 3, 4, 2, 3, 4, 3, 2, 3, 4, 3, 4, 3, 3, 3, 2, 4, 2, 7, 4, 5, 2, 7, 5, 3, 5, 4, 5, 2, 4, 5, 4, 4, 6, 3, 3, 3, 6, 3, 4, 4, 3, 5, 3, 4, 5, 6, 3, 3, 4, 9, 2, 3, 3, 5, 5, 4, 4, 4, 4, 2, 4, 3, 6, 3, 4, 2, 5, 5, 5, 7, 4, 4, 4, 3, 5, 4, 2, 4, 3, 14, 5, 4, 2, 3, 5, 2, 4, 6, 2, 3, 4, 5, 5, 3, 3, 5, 3, 4, 4, 6, 3, 3, 5, 2, 4, 4, 4, 3, 6, 4, 5, 3, 4, 2, 2, 5, 4, 5, 3, 5, 5, 3, 2, 2, 2, 6, 4, 7, 3, 5, 12, 6, 7, 8, 5, 6, 7, 5, 3, 2, 3, 5, 5, 3, 7, 3, 7, 3, 3, 2, 5, 2, 5, 4, 5, 3, 4, 3, 3, 4, 3, 3, 3, 2, 4, 4, 4, 2, 4, 4, 4, 3, 3, 5, 6, 6, 4, 3, 3, 3, 8, 4, 7, 6, 3, 2, 3, 4, 4, 3, 4, 2, 4, 2, 5, 3, 4, 3, 3, 2, 7, 4, 5, 4, 5, 5, 3, 4, 7, 3, 5, 3, 3, 5, 6, 5, 3, 2, 3, 2, 3, 3, 4, 3, 4, 7, 5, 4, 2, 3, 3, 2, 2, 3, 4, 4, 3, 6, 2, 3, 2, 2, 2, 3, 2, 2, 2, 4, 5, 4, 2, 5, 6, 2, 3, 2, 2, 2, 2, 2, 3, 3, 2, 5, 5, 3, 2, 6, 2, 3, 5, 4, 4, 6, 5, 3, 4, 2, 3, 7, 2, 7, 2, 4, 2, 10, 6, 6, 6, 3, 4, 4, 5, 4, 4, 8, 4, 4, 5, 6, 5, 6, 4, 6, 5, 6, 6, 5, 3, 5, 4, 5, 6, 4, 2, 5, 5, 4, 4, 4, 2, 4, 8, 3, 2, 2, 3, 6, 4, 3, 5, 2, 6, 3, 3, 4, 6, 4, 2, 6, 3, 3, 8, 2, 2, 6, 3, 4, 4, 3, 4, 4, 3, 3, 5, 5, 2, 3, 4, 2, 4, 3, 4, 6, 3, 3, 3, 4, 3, 2, 9, 4, 2, 4, 4, 6, 2, 3, 5, 3, 5, 7, 6, 4, 5, 4, 5, 4, 3, 2, 4, 8, 3, 5, 3, 5, 7, 3, 4, 4, 4, 2, 7, 4, 4, 3, 3, 3, 2, 2, 4, 5, 6, 2, 3, 2, 3, 2, 3, 3, 2, 4, 3, 6, 3, 4, 3, 3, 3, 4, 2, 3, 2, 5, 6, 3, 4, 4, 3, 4, 2, 3, 2, 5, 5, 4, 4, 2, 3, 3, 3, 3, 2, 3, 2, 3, 4, 2, 4, 3, 3, 3, 3, 2, 4, 2, 3, 3, 3, 4, 4, 4, 4, 2, 2, 4, 4, 3, 4, 5, 3, 2, 2, 3, 4, 5, 2, 5, 5, 3, 2, 2, 2, 3, 6, 4, 5, 4, 2, 5, 3, 3, 4, 2, 4, 4, 2, 4, 4, 7, 2, 3, 2, 2, 4, 7, 3, 2, 2, 3, 3, 2, 2, 4, 3, 4, 2, 3, 4, 4, 2, 2, 2, 6, 2, 4, 3, 3, 2, 2, 2, 2, 4, 5, 7, 3, 3, 4, 2, 2, 2, 2]",0.9136630343671417,83,201,114,136,141,362,0.028302850720343314,0.036987841013589456,217,0.18189438390611903,9787
91674,21638,2996,66,0.0220293724966622,9.379213483146067,6.329854631927878,356,0.2066115702479339,0.24793388429752067,3.953168044077135,"[3, 2, 3, 4, 4, 3, 7, 2, 2, 4, 5, 4, 3, 4, 4, 4, 7, 3, 5, 4, 4, 4, 4, 4, 3, 2, 4, 3, 3, 2, 4, 7, 5, 3, 3, 5, 5, 5, 5, 6, 4, 4, 5, 4, 4, 4, 4, 4, 3, 3, 3, 2, 3, 4, 4, 2, 3, 2, 7, 5, 3, 2, 10, 4, 4, 6, 5, 3, 5, 5, 4, 4, 5, 7, 5, 2, 5, 4, 4, 5, 3, 3, 2, 5, 5, 5, 2, 2, 3, 5, 4, 6, 5, 5, 4, 4, 4, 3, 5, 4, 2, 2, 3, 4, 4, 4, 6, 4, 4, 3, 4, 5, 4, 2, 3, 5, 5, 3, 4, 4, 5, 4, 4, 4, 3, 6, 2, 2, 4, 5, 3, 4, 5, 4, 4, 5, 4, 4, 5, 4, 3, 4, 3, 4, 7, 2, 5, 3, 3, 3, 4, 3, 5, 5, 4, 3, 6, 6, 3, 4, 5, 3, 6, 4, 5, 5, 5, 3, 5, 3, 4, 6, 3, 6, 4, 2, 5, 4, 2, 5, 3, 2, 5, 5, 4, 6, 5, 2, 8, 6, 3, 8, 3, 2, 3, 4, 4, 6, 7, 5, 3, 5, 4, 3, 5, 5, 6, 3, 11, 3, 4, 5, 3, 3, 4, 4, 2, 3, 2, 4, 8, 6, 2, 2, 5, 4, 3, 4, 6, 4, 4, 5, 5, 2, 4, 4, 4, 4, 4, 5, 4, 3, 3, 4, 5, 6, 3, 4, 4, 2, 3, 2, 4, 2, 4, 2, 2, 4, 5, 4, 2, 3, 4, 5, 4, 3, 5, 4, 3, 4, 3, 4, 8, 8, 6, 6, 3, 3, 3, 3, 6, 3, 5, 7, 5, 3, 3, 3, 6, 2, 4, 2, 4, 2, 3, 6, 3, 3, 5, 4, 4, 3, 2, 4, 2, 4, 4, 3, 2, 6, 2, 2, 5, 3, 3, 3, 2, 4, 4, 4, 3, 4, 4, 5, 4, 3, 5, 4, 4, 3, 3, 3, 3, 3, 3, 6, 3, 6, 4, 3, 4, 3, 5, 3, 4, 4, 3, 4, 3, 3, 3, 3, 4, 2, 4, 5, 4, 3, 3, 3, 3, 2, 3]",1.095505617977528,39,44,24,40,62,79,0.030548068283917342,0.02365977837675951,68,0.19101123595505617,3339
167755,31439,1222,15,0.0122749590834697,7.972881355932204,6.86092329238057,590,0.23479729729729729,0.2939189189189189,3.613175675675676,"[5, 6, 5, 7, 3, 3, 3, 3, 5, 6, 3, 3, 3, 2, 5, 2, 3, 2, 3, 3, 2, 4, 4, 3, 3, 3, 2, 4, 5, 4, 5, 2, 3, 4, 4, 2, 3, 3, 2, 3, 4, 2, 2, 3, 3, 3, 3, 2, 3, 2, 4, 5, 3, 5, 2, 3, 3, 6, 4, 3, 3, 2, 3, 2, 2, 3, 3, 7, 4, 2, 4, 3, 7, 2, 5, 3, 5, 4, 2, 3, 5, 3, 2, 5, 3, 5, 5, 3, 4, 5, 3, 3, 7, 4, 8, 3, 7, 4, 2, 3, 4, 2, 5, 9, 3, 2, 2, 9, 3, 4, 4, 6, 3, 3, 7, 5, 5, 3, 2, 3, 7, 3, 2, 5, 7, 2, 5, 5, 7, 6, 3, 6, 3, 3, 3, 3, 4, 4, 4, 8, 3, 3, 2, 3, 2, 2, 3, 3, 2, 4, 5, 7, 5, 6, 6, 6, 2, 5, 4, 3, 5, 5, 2, 4, 6, 2, 2, 3, 4, 4, 2, 3, 4, 3, 5, 5, 2, 3, 2, 2, 4, 2, 2, 3, 2, 2, 2, 3, 2, 3, 5, 5, 5, 2, 2, 3, 3, 2, 2, 2, 3, 5, 3, 4, 2, 3, 3, 6, 2, 3, 2, 2, 5, 3, 5, 4, 4, 2, 3, 2, 3, 2, 2, 3, 2, 3, 5, 4, 4, 3, 3, 3, 2, 5, 4, 6, 3, 2, 5, 4, 3, 5, 3, 2, 4, 2, 6, 7, 2, 2, 3, 7, 3, 4, 4, 2, 2, 10, 4, 2, 2, 2, 2, 3, 3, 5, 2, 4, 3, 3, 4, 4, 3, 3, 3, 3, 2, 3, 3, 3, 5, 3, 3, 3, 3, 4, 3, 4, 2, 3, 2, 4, 5, 3, 2, 5, 5, 5, 6, 5, 3, 3, 2, 2, 3, 2, 2, 2, 6, 3, 3, 2, 6, 6, 4, 3, 4, 3, 5, 3, 3, 2, 4, 3, 3, 3, 3, 2, 3, 4, 3, 6, 5, 4, 5, 2, 3, 6, 3, 2, 4, 2, 2, 5, 3, 3, 2, 3, 3, 4, 7, 4, 2, 2, 3, 4, 4, 2, 5, 5, 3, 4, 4, 2, 5, 2, 3, 3, 6, 5, 4, 8, 5, 3, 4, 3, 2, 6, 2, 4, 3, 6, 6, 7, 3, 5, 4, 2, 7, 8, 4, 2, 3, 3, 3, 3, 2, 3, 4, 4, 7, 5, 3, 7, 4, 6, 7, 3, 2, 7, 5, 6, 5, 9, 3, 4, 2, 2, 4, 5, 2, 4, 3, 3, 3, 2, 3, 3, 5, 4, 5, 2, 3, 3, 5, 2, 2, 3, 2, 2, 3, 3, 3, 5, 7, 3, 7, 3, 6, 3, 3, 4, 2, 4, 2, 5, 4, 2, 4, 4, 2, 3, 5, 6, 3, 5, 3, 5, 3, 2, 4, 4, 4, 5, 5, 5, 6, 3, 3, 3, 5, 5, 5, 5, 7, 4, 3, 2, 2, 5, 2, 3, 5, 4, 4, 5, 3, 3, 2, 3, 6, 3, 4, 3, 3, 4, 3, 2, 3, 4, 2, 3, 6, 2, 2, 4, 6, 5, 3, 3, 4, 5, 3, 3, 2, 4, 2, 2, 2, 2, 2, 2, 3, 2, 4, 2, 2, 2, 3, 4, 3, 4, 3, 3, 3, 5, 2, 2, 3, 4, 4, 2, 6, 3, 4, 3, 3, 3, 3, 3, 2, 2, 4, 3, 3, 3, 4, 3, 5, 6, 8, 3, 2, 2, 3, 6, 2, 3, 4, 2, 4, 4, 3, 2, 2, 2, 2, 2, 7, 8, 6, 2]",1.1389830508474577,64,103,67,72,88,109,0.034013605442176874,0.023171768707482995,19,0.03220338983050847,4704
33218,33616,2247,33,0.0146862483311081,8.634390651085141,6.861619731431881,599,0.24668874172185432,0.3129139072847682,3.8741721854304636,"[3, 3, 5, 3, 3, 4, 7, 3, 3, 5, 6, 5, 3, 8, 4, 3, 5, 3, 8, 3, 3, 3, 4, 3, 5, 2, 5, 3, 3, 4, 6, 6, 4, 4, 3, 7, 6, 3, 4, 3, 2, 8, 4, 5, 5, 10, 5, 3, 5, 4, 3, 4, 4, 3, 8, 5, 3, 5, 3, 2, 3, 3, 2, 3, 3, 3, 3, 5, 5, 5, 5, 3, 6, 11, 10, 7, 4, 3, 4, 6, 4, 5, 3, 3, 5, 5, 6, 3, 3, 4, 3, 5, 3, 3, 4, 2, 2, 3, 3, 3, 2, 4, 3, 8, 3, 8, 3, 7, 6, 2, 2, 5, 2, 6, 4, 5, 4, 8, 9, 4, 5, 3, 3, 4, 3, 4, 2, 8, 2, 4, 3, 5, 3, 4, 4, 3, 4, 3, 3, 4, 2, 3, 2, 4, 7, 5, 6, 5, 2, 3, 3, 3, 3, 3, 2, 3, 2, 3, 4, 3, 2, 3, 2, 2, 6, 3, 4, 4, 3, 5, 3, 3, 4, 4, 6, 1, 6, 2, 7, 6, 8, 6, 5, 7, 6, 5, 6, 3, 3, 7, 3, 2, 3, 4, 4, 4, 6, 3, 5, 6, 3, 3, 2, 6, 5, 4, 4, 3, 4, 2, 3, 2, 3, 5, 5, 3, 4, 4, 4, 3, 6, 4, 3, 4, 3, 5, 3, 2, 6, 4, 4, 3, 3, 3, 3, 5, 5, 5, 4, 4, 2, 5, 3, 3, 3, 4, 4, 5, 2, 5, 5, 3, 3, 8, 4, 7, 3, 4, 4, 4, 3, 3, 3, 4, 4, 4, 2, 3, 5, 5, 3, 6, 2, 3, 3, 3, 3, 4, 4, 5, 4, 4, 4, 5, 3, 4, 4, 4, 6, 2, 4, 2, 4, 4, 4, 3, 8, 3, 3, 5, 2, 5, 5, 3, 3, 3, 4, 2, 3, 3, 3, 5, 6, 5, 3, 4, 4, 3, 3, 3, 5, 3, 3, 4, 4, 2, 2, 7, 3, 3, 5, 3, 4, 5, 3, 5, 7, 3, 8, 4, 4, 7, 5, 2, 5, 2, 3, 2, 2, 4, 6, 4, 3, 5, 3, 7, 6, 7, 3, 3, 6, 3, 3, 4, 3, 5, 2, 3, 2, 3, 4, 4, 6, 3, 2, 2, 4, 4, 2, 2, 2, 9, 2, 2, 2, 5, 2, 3, 3, 9, 3, 3, 4, 2, 5, 4, 5, 3, 4, 3, 4, 2, 3, 3, 7, 3, 9, 3, 6, 8, 3, 9, 12, 7, 6, 5, 5, 4, 4, 3, 3, 2, 5, 3, 2, 3, 2, 5, 2, 2, 4, 2, 2, 4, 5, 3, 2, 2, 3, 3, 2, 2, 2, 3, 5, 3, 3, 4, 2, 6, 3, 4, 2, 2, 4, 3, 3, 2, 3, 3, 3, 2, 2, 2, 3, 3, 6, 3, 4, 3, 3, 3, 3, 10, 4, 3, 3, 6, 4, 5, 3, 4, 4, 3, 3, 4, 2, 4, 5, 5, 6, 8, 5, 2, 4, 9, 2, 4, 3, 6, 4, 5, 3, 4, 3, 4, 3, 4, 3, 4, 4, 4, 2, 2, 4, 2, 3, 6, 4, 2, 3, 5, 6, 2, 3, 3, 3, 4, 2, 2, 2, 6, 2, 2, 2, 3, 3, 9, 2, 3, 2, 2, 2, 2, 2, 3, 2, 5, 2, 2, 6, 8, 8, 4, 2, 5, 4, 2, 5, 2, 3, 3, 3, 5, 3, 2, 2, 3, 3, 3, 3, 3, 2, 3, 4, 5, 4, 4, 2, 2, 2, 3, 5, 3, 3, 3, 2, 5, 3, 3, 2, 3, 3, 3, 3, 3, 4, 3, 9, 4, 5, 4, 5, 3]",1.1202003338898163,48,85,34,43,63,119,0.020494972931167827,0.02300850734725445,153,0.25542570951585974,5172
114719,31577,1933,1,0.0005173305742369,14.393650793650794,9.063679056019847,315,0.3302752293577982,0.43425076452599387,4.807339449541284,"[6, 2, 6, 6, 5, 4, 7, 3, 4, 7, 4, 6, 5, 10, 5, 5, 13, 6, 4, 3, 5, 5, 4, 8, 4, 4, 5, 6, 4, 8, 5, 6, 10, 4, 7, 6, 4, 7, 6, 7, 7, 7, 5, 4, 5, 7, 7, 6, 11, 5, 4, 4, 6, 7, 3, 3, 3, 8, 8, 4, 4, 4, 4, 6, 5, 6, 5, 3, 4, 5, 4, 8, 5, 2, 2, 3, 4, 4, 4, 9, 3, 4, 5, 2, 4, 2, 4, 8, 3, 4, 2, 7, 7, 2, 5, 6, 5, 5, 3, 5, 7, 10, 15, 4, 6, 2, 2, 3, 2, 2, 6, 7, 7, 6, 5, 6, 4, 6, 4, 7, 8, 5, 8, 6, 6, 3, 4, 4, 2, 4, 5, 5, 3, 2, 3, 4, 3, 5, 2, 5, 6, 8, 7, 7, 5, 3, 11, 4, 4, 2, 2, 3, 7, 7, 5, 4, 3, 7, 4, 3, 7, 5, 3, 4, 5, 2, 3, 6, 3, 6, 6, 8, 3, 5, 6, 3, 4, 6, 8, 5, 4, 4, 3, 6, 4, 5, 4, 5, 5, 5, 5, 6, 5, 4, 2, 5, 3, 3, 4, 6, 4, 5, 7, 6, 4, 4, 6, 6, 6, 6, 5, 7, 5, 3, 6, 4, 6, 6, 5, 4, 2, 5, 5, 4, 4, 6, 9, 5, 3, 6, 3, 4, 6, 5, 5, 5, 4, 7, 8, 7, 6, 4, 9, 5, 5, 5, 7, 5, 3, 2, 4, 5, 8, 7, 6, 6, 4, 7, 5, 5, 5, 2, 7, 7, 6, 4, 2, 7, 4, 7, 7, 8, 2, 6, 6, 2, 3, 4, 5, 5, 5, 6, 4, 3, 4, 3, 4, 3, 4, 2, 4, 4, 2, 2, 2, 2, 2, 2, 4, 2, 3, 2, 2, 2, 4, 5, 3, 4, 4, 4, 4, 6, 4, 2, 3, 4, 3, 2, 5, 4, 3, 3, 3, 3, 3, 2, 3]",1.4793650793650794,64,12,0,121,36,67,0.03462726069695633,0.014777238641376268,33,0.10476190476190476,4534
159518,22336,1541,40,0.0259571706683971,5.9875,4.342433738035708,560,0.20320855614973263,0.23172905525846701,3.322638146167558,"[4, 3, 2, 4, 3, 3, 3, 4, 3, 3, 6, 4, 6, 2, 2, 4, 2, 3, 4, 3, 3, 2, 2, 2, 2, 2, 2, 3, 2, 4, 2, 2, 3, 2, 2, 5, 3, 4, 3, 6, 4, 6, 5, 4, 5, 3, 4, 3, 4, 5, 5, 5, 3, 2, 3, 2, 2, 6, 4, 3, 4, 3, 3, 2, 4, 6, 2, 4, 3, 3, 2, 5, 4, 3, 4, 2, 2, 7, 3, 2, 3, 4, 3, 4, 4, 6, 3, 3, 2, 3, 5, 5, 2, 3, 6, 3, 5, 8, 2, 6, 4, 2, 2, 3, 3, 3, 3, 3, 3, 3, 5, 3, 3, 3, 6, 3, 2, 3, 3, 5, 6, 4, 4, 2, 2, 2, 2, 2, 3, 4, 4, 5, 3, 5, 5, 4, 6, 4, 5, 4, 2, 3, 4, 5, 2, 2, 3, 2, 5, 4, 4, 5, 3, 6, 3, 4, 4, 5, 5, 2, 3, 2, 3, 3, 4, 3, 4, 2, 2, 2, 3, 3, 2, 4, 2, 4, 3, 4, 3, 3, 3, 4, 3, 5, 3, 3, 2, 2, 5, 2, 2, 3, 4, 3, 3, 3, 6, 4, 3, 7, 4, 2, 3, 4, 3, 3, 2, 2, 5, 3, 6, 2, 2, 2, 5, 5, 3, 2, 2, 2, 3, 4, 3, 4, 5, 4, 2, 2, 2, 3, 4, 3, 5, 2, 2, 4, 3, 4, 3, 2, 2, 2, 2, 7, 2, 3, 3, 2, 2, 2, 4, 5, 3, 3, 3, 2, 3, 4, 6, 4, 5, 3, 5, 3, 3, 5, 3, 3, 3, 2, 4, 5, 6, 3, 5, 3, 5, 4, 2, 2, 2, 3, 4, 3, 4, 4, 5, 2, 3, 2, 5, 3, 2, 6, 2, 2, 3, 4, 3, 4, 2, 3, 4, 2, 2, 5, 5, 3, 4, 2, 2, 2, 2, 3, 2, 4, 2, 3, 4, 5, 5, 3, 2, 4, 2, 3, 3, 3, 5, 5, 2, 2, 2, 3, 4, 3, 4, 4, 3, 4, 3, 3, 3, 3, 2, 2, 2, 2, 2, 3, 4, 4, 3, 2, 3, 3, 3, 3, 2, 2, 3, 5, 4, 3, 2, 2, 3, 2, 4, 3, 4, 3, 3, 3, 2, 3, 2, 3, 3, 3, 2, 2, 2, 2, 2, 3, 4, 4, 2, 3, 3, 4, 3, 4, 3, 2, 2, 2, 2, 2, 3, 4, 8, 3, 4, 3, 3, 3, 3, 5, 3, 2, 3, 2, 2, 2, 3, 3, 4, 2, 5, 4, 2, 4, 4, 2, 8, 3, 4, 4, 2, 2, 5, 6, 5, 3, 2, 4, 3, 2, 2, 3, 4, 2, 4, 4, 4, 2, 2, 5, 2, 2, 2, 3, 3, 3, 5, 2, 4, 4, 3, 3, 3, 4, 3, 3, 4, 4, 5, 4, 4, 5, 3, 4, 4, 3, 3, 3, 4, 3, 5, 4, 2, 4, 4, 4, 2, 3, 3, 4, 2, 4, 4, 5, 3, 3, 4, 4, 2, 4, 2, 4, 4, 2, 2, 2, 3, 6, 2, 2, 3, 3, 3, 4, 3, 3, 5, 6, 3, 2, 4, 3, 3, 4, 4, 3, 5, 6, 3, 2, 4, 4, 3, 3, 3, 2, 4, 3, 3, 3, 3, 4, 5, 2, 2, 4, 3, 2, 5, 3, 3, 4, 4, 4, 4, 3, 2, 4, 2, 4, 4]",0.6482142857142857,22,34,20,61,38,71,0.029525797793021176,0.021175067104085895,45,0.08035714285714286,3353
333908,32521,1084,5,0.0046125461254612,8.455008488964346,4.648176023836368,589,0.19120135363790186,0.21489001692047377,3.8392554991539765,"[4, 5, 4, 5, 3, 3, 5, 4, 3, 3, 7, 4, 5, 4, 6, 7, 4, 5, 6, 5, 4, 6, 2, 6, 5, 8, 7, 8, 3, 6, 3, 5, 4, 6, 4, 5, 3, 3, 3, 2, 2, 3, 3, 7, 3, 7, 2, 5, 6, 3, 3, 3, 4, 2, 2, 2, 2, 2, 3, 5, 4, 4, 4, 4, 4, 6, 3, 4, 2, 4, 4, 7, 3, 4, 3, 4, 6, 3, 4, 3, 5, 5, 5, 5, 4, 4, 4, 5, 4, 4, 3, 5, 4, 3, 2, 2, 4, 5, 2, 3, 2, 2, 4, 7, 3, 3, 3, 7, 2, 4, 8, 2, 3, 5, 6, 4, 3, 3, 3, 4, 4, 4, 3, 4, 3, 4, 3, 6, 5, 3, 5, 3, 3, 2, 5, 2, 3, 3, 6, 6, 3, 3, 3, 2, 4, 2, 4, 4, 4, 4, 5, 3, 5, 5, 5, 4, 3, 6, 8, 4, 6, 6, 4, 4, 4, 3, 4, 4, 5, 2, 3, 3, 5, 3, 2, 3, 3, 4, 2, 2, 2, 7, 2, 3, 3, 2, 3, 4, 2, 3, 3, 2, 3, 4, 3, 2, 4, 3, 3, 2, 5, 2, 2, 5, 3, 2, 2, 3, 4, 3, 3, 6, 2, 2, 4, 2, 6, 6, 4, 6, 4, 3, 2, 5, 2, 4, 3, 3, 5, 3, 5, 3, 4, 4, 4, 4, 3, 3, 3, 2, 4, 3, 3, 3, 3, 2, 3, 3, 2, 3, 3, 3, 5, 5, 4, 4, 4, 4, 8, 3, 3, 2, 4, 6, 4, 4, 3, 2, 3, 5, 2, 3, 3, 2, 3, 4, 2, 3, 6, 4, 3, 3, 3, 3, 2, 4, 3, 3, 3, 3, 5, 4, 3, 3, 6, 4, 5, 6, 3, 3, 6, 4, 3, 4, 4, 4, 3, 4, 3, 4, 5, 4, 4, 2, 3, 6, 3, 4, 3, 3, 4, 3, 6, 4, 6, 4, 3, 2, 2, 3, 4, 5, 3, 7, 3, 4, 3, 4, 6, 2, 5, 4, 3, 4, 3, 3, 4, 3, 3, 5, 6, 10, 4, 3, 5, 5, 4, 5, 4, 3, 5, 6, 4, 4, 2, 2, 3, 2, 3, 4, 5, 2, 2, 3, 6, 4, 3, 2, 3, 2, 2, 2, 3, 2, 3, 3, 2, 4, 2, 4, 3, 3, 4, 2, 3, 2, 6, 3, 6, 5, 5, 3, 4, 5, 3, 6, 6, 3, 2, 4, 4, 4, 5, 6, 5, 8, 6, 4, 6, 3, 5, 3, 3, 3, 5, 4, 3, 4, 6, 4, 3, 4, 7, 3, 5, 2, 2, 3, 3, 4, 4, 3, 3, 3, 3, 3, 4, 4, 2, 3, 5, 4, 6, 5, 4, 2, 3, 2, 4, 5, 5, 4, 5, 4, 6, 4, 5, 4, 2, 5, 4, 5, 5, 4, 4, 6, 6, 4, 5, 3, 6, 4, 3, 3, 3, 4, 4, 3, 3, 4, 4, 5, 3, 5, 4, 3, 4, 5, 5, 3, 3, 4, 2, 2, 4, 2, 2, 5, 3, 4, 3, 3, 4, 3, 4, 4, 3, 7, 2, 3, 4, 3, 4, 7, 4, 5, 3, 3, 4, 4, 5, 5, 4, 3, 4, 4, 4, 3, 3, 3, 3, 5, 4, 3, 2, 4, 4, 4, 3, 6, 3, 5, 4, 6, 4, 4, 3, 4, 5, 5, 5, 3, 8, 9, 5, 3, 3, 4, 5, 5, 5, 3, 4, 4, 4, 5, 3, 4, 3, 6, 2, 5, 2, 5, 4, 6, 3, 4, 2, 3, 3]",0.7045840407470289,9,40,16,78,70,131,0.02971887550200803,0.026305220883534135,69,0.11714770797962648,4980
314598,21451,1065,5,0.0046948356807511,10.90251572327044,6.882515218522258,318,0.2946708463949843,0.3824451410658307,4.407523510971787,"[9, 4, 9, 3, 2, 4, 3, 2, 13, 7, 7, 11, 6, 4, 3, 5, 5, 3, 6, 4, 3, 4, 6, 4, 6, 4, 6, 4, 6, 3, 2, 3, 4, 2, 6, 3, 4, 5, 3, 9, 6, 7, 4, 2, 4, 4, 3, 5, 6, 5, 5, 9, 4, 5, 7, 3, 3, 6, 5, 5, 4, 7, 3, 3, 2, 2, 4, 2, 3, 3, 3, 5, 6, 5, 6, 4, 3, 3, 6, 6, 5, 9, 8, 3, 7, 5, 6, 8, 5, 3, 8, 4, 8, 6, 8, 5, 6, 8, 3, 4, 2, 4, 9, 5, 4, 5, 5, 3, 5, 8, 7, 4, 4, 4, 4, 3, 4, 2, 5, 4, 7, 5, 7, 4, 3, 3, 7, 2, 6, 3, 4, 3, 6, 4, 3, 5, 4, 5, 3, 3, 3, 3, 3, 8, 4, 4, 3, 3, 3, 4, 3, 6, 2, 4, 2, 4, 5, 5, 3, 4, 4, 4, 6, 3, 4, 4, 5, 3, 5, 2, 4, 5, 3, 2, 4, 5, 6, 7, 4, 3, 5, 4, 5, 4, 4, 2, 2, 5, 6, 3, 3, 5, 4, 7, 5, 5, 2, 3, 5, 5, 4, 4, 4, 2, 3, 3, 3, 4, 2, 6, 3, 2, 5, 3, 4, 4, 3, 4, 4, 5, 3, 4, 4, 6, 4, 6, 4, 5, 5, 7, 5, 3, 4, 5, 4, 4, 6, 3, 2, 5, 4, 3, 4, 2, 3, 4, 2, 6, 4, 8, 4, 4, 3, 3, 4, 4, 4, 6, 5, 6, 4, 6, 3, 4, 5, 5, 6, 5, 3, 4, 5, 4, 5, 3, 5, 3, 3, 4, 4, 4, 3, 3, 4, 3, 5, 5, 4, 4, 5, 5, 5, 4, 2, 4, 3, 3, 7, 2, 5, 5, 5, 2, 5, 2, 3, 7, 5, 6, 4, 6, 3, 6, 4, 6, 2, 2, 2, 6, 5]",1.3364779874213837,3,10,0,52,90,99,0.04095760023074704,0.028554946639746177,4,0.012578616352201259,3467
307663,27735,1040,24,0.023076923076923,8.913654618473895,5.6847579663521985,498,0.20040080160320642,0.23046092184368738,3.8957915831663326,"[3, 6, 3, 6, 5, 6, 4, 3, 6, 5, 4, 6, 3, 2, 3, 4, 3, 2, 3, 3, 2, 3, 4, 3, 2, 5, 5, 3, 2, 4, 4, 3, 4, 2, 2, 5, 6, 3, 4, 4, 3, 4, 3, 3, 4, 2, 3, 4, 5, 9, 6, 9, 4, 6, 5, 8, 7, 6, 4, 3, 3, 5, 6, 5, 4, 4, 3, 3, 3, 3, 3, 2, 4, 4, 3, 6, 3, 3, 6, 5, 5, 5, 6, 5, 3, 6, 6, 6, 2, 5, 7, 5, 5, 6, 4, 5, 8, 4, 5, 3, 5, 4, 4, 3, 4, 3, 5, 4, 4, 2, 3, 4, 2, 4, 4, 3, 3, 4, 3, 4, 6, 4, 3, 5, 6, 3, 7, 3, 6, 4, 4, 4, 5, 4, 5, 4, 3, 4, 3, 3, 6, 4, 7, 4, 4, 5, 4, 3, 4, 3, 4, 3, 5, 4, 5, 2, 4, 4, 2, 3, 3, 3, 4, 4, 2, 3, 6, 4, 5, 3, 6, 3, 3, 4, 4, 3, 3, 3, 4, 5, 4, 3, 4, 2, 2, 3, 2, 4, 3, 6, 5, 4, 5, 3, 3, 3, 3, 2, 5, 5, 5, 2, 2, 4, 2, 2, 4, 5, 2, 5, 4, 4, 3, 5, 3, 5, 4, 5, 5, 4, 4, 7, 4, 5, 6, 4, 2, 4, 3, 6, 6, 5, 7, 6, 3, 6, 3, 5, 4, 7, 5, 7, 4, 3, 7, 4, 4, 3, 4, 7, 4, 5, 5, 5, 6, 3, 6, 4, 2, 4, 6, 4, 4, 4, 2, 4, 4, 5, 4, 6, 5, 4, 4, 3, 5, 4, 4, 3, 6, 5, 4, 2, 3, 3, 4, 6, 3, 4, 3, 2, 2, 3, 5, 5, 2, 2, 2, 2, 3, 3, 4, 2, 4, 4, 4, 5, 3, 6, 4, 4, 4, 3, 4, 4, 4, 2, 4, 5, 4, 7, 3, 2, 4, 5, 3, 5, 5, 2, 4, 2, 3, 4, 4, 4, 4, 7, 3, 4, 3, 2, 4, 4, 4, 2, 4, 4, 5, 3, 5, 7, 4, 3, 4, 6, 3, 4, 3, 2, 3, 3, 3, 3, 4, 7, 3, 2, 4, 2, 2, 3, 5, 3, 3, 2, 5, 4, 4, 3, 4, 4, 2, 5, 4, 6, 5, 4, 3, 6, 6, 4, 3, 3, 3, 3, 3, 2, 5, 3, 4, 3, 2, 2, 2, 2, 3, 2, 7, 6, 3, 2, 4, 3, 3, 5, 4, 4, 2, 8, 3, 7, 6, 3, 3, 4, 4, 4, 5, 4, 2, 4, 4, 4, 5, 3, 3, 4, 4, 3, 3, 2, 4, 3, 3, 4, 4, 2, 3, 3, 4, 2, 3, 4, 6, 3, 3, 2, 2, 3, 5, 3, 4, 3, 2, 4, 2, 3, 2, 2, 4, 3, 2, 2, 3, 2, 2, 3, 2, 3, 3, 3, 4, 4, 3, 3, 3, 2, 2, 3, 4, 6, 6, 4, 5, 3, 4, 6, 3, 3, 6]",1.0140562248995983,110,27,0,53,13,124,0.014868213561612977,0.027934219418788014,11,0.02208835341365462,4439
314553,29410,1138,11,0.0096660808435852,9.52127659574468,7.84352397222464,470,0.31736526946107785,0.42115768463073855,3.882235528942116,"[4, 3, 2, 3, 8, 5, 3, 4, 8, 3, 5, 2, 3, 4, 5, 4, 3, 3, 3, 6, 3, 4, 6, 3, 2, 9, 8, 11, 4, 5, 10, 4, 5, 4, 4, 6, 4, 2, 7, 2, 5, 4, 9, 4, 4, 4, 5, 4, 3, 3, 4, 3, 5, 5, 5, 9, 7, 4, 8, 3, 5, 5, 4, 5, 5, 2, 8, 5, 7, 5, 4, 5, 5, 3, 7, 4, 2, 2, 4, 6, 6, 3, 4, 2, 3, 5, 5, 3, 2, 2, 2, 2, 2, 3, 7, 6, 5, 2, 6, 3, 4, 6, 4, 2, 3, 3, 6, 2, 2, 3, 2, 4, 4, 3, 4, 6, 3, 3, 2, 3, 2, 4, 2, 3, 2, 3, 4, 4, 3, 3, 4, 6, 2, 2, 5, 2, 5, 5, 4, 6, 3, 10, 5, 3, 6, 4, 5, 3, 2, 3, 2, 2, 2, 2, 4, 2, 2, 5, 3, 2, 6, 5, 2, 3, 4, 4, 7, 3, 2, 2, 2, 5, 6, 2, 3, 6, 3, 7, 2, 3, 3, 3, 2, 3, 3, 8, 6, 4, 2, 4, 4, 3, 2, 5, 4, 6, 3, 3, 2, 3, 4, 3, 2, 3, 6, 2, 4, 2, 4, 4, 5, 6, 3, 4, 5, 5, 3, 2, 3, 9, 3, 10, 3, 4, 5, 4, 2, 3, 4, 3, 6, 4, 5, 3, 2, 3, 2, 3, 5, 6, 2, 3, 2, 4, 5, 3, 3, 6, 3, 7, 2, 9, 10, 3, 4, 4, 2, 4, 3, 3, 3, 3, 3, 5, 9, 2, 3, 5, 3, 4, 8, 8, 5, 4, 4, 3, 3, 7, 2, 4, 6, 4, 4, 3, 3, 6, 2, 6, 2, 3, 3, 2, 2, 4, 5, 2, 3, 2, 5, 3, 3, 3, 2, 3, 3, 2, 3, 3, 2, 4, 3, 3, 4, 3, 3, 2, 5, 3, 6, 2, 3, 4, 4, 5, 3, 2, 4, 4, 3, 2, 3, 2, 2, 3, 2, 2, 4, 3, 2, 7, 4, 4, 3, 7, 3, 2, 4, 4, 7, 3, 4, 4, 3, 3, 4, 4, 5, 3, 6, 4, 6, 3, 4, 8, 2, 5, 2, 2, 4, 2, 4, 3, 7, 3, 3, 3, 3, 4, 2, 5, 4, 4, 5, 5, 3, 4, 3, 6, 3, 3, 3, 5, 2, 4, 3, 5, 4, 3, 4, 5, 3, 3, 4, 2, 4, 3, 4, 5, 3, 8, 6, 4, 3, 3, 3, 4, 2, 3, 4, 4, 2, 4, 3, 3, 5, 3, 3, 6, 4, 4, 3, 2, 4, 4, 3, 2, 4, 4, 3, 2, 2, 7, 5, 7, 9, 4, 4, 3, 2, 4, 7, 2, 4, 2, 2, 5, 2, 3, 2, 2, 2, 4, 4, 5, 3, 7, 5, 4, 3, 4, 2, 3, 2, 2, 2, 4, 3, 3, 5, 6, 2, 3, 5, 3, 3, 3, 3, 7, 4, 6, 3, 6, 6, 4, 2, 5, 4, 3, 4, 5, 3]",1.2808510638297872,62,89,0,45,30,172,0.01675977653631285,0.03843575418994413,40,0.0851063829787234,4475
209712,48540,1472,21,0.014266304347826,11.815384615384616,6.584036134781468,650,0.36930091185410335,0.45288753799392095,4.46048632218845,"[3, 9, 2, 2, 3, 6, 6, 5, 5, 6, 7, 7, 5, 5, 7, 3, 7, 4, 8, 4, 3, 7, 3, 5, 3, 4, 6, 6, 5, 4, 5, 4, 7, 5, 6, 3, 6, 5, 2, 2, 4, 7, 6, 3, 6, 5, 4, 3, 6, 7, 7, 4, 4, 6, 8, 4, 4, 3, 8, 8, 2, 2, 2, 5, 6, 4, 5, 5, 4, 5, 5, 4, 4, 9, 8, 5, 6, 6, 6, 5, 5, 5, 4, 5, 6, 4, 4, 3, 6, 6, 6, 6, 6, 4, 7, 7, 5, 6, 6, 2, 3, 8, 4, 2, 3, 4, 4, 3, 5, 5, 4, 8, 4, 5, 4, 7, 3, 9, 5, 5, 7, 8, 2, 6, 11, 4, 2, 5, 5, 4, 6, 5, 5, 3, 5, 3, 9, 4, 6, 5, 5, 5, 5, 5, 6, 6, 3, 4, 3, 4, 6, 3, 5, 5, 5, 3, 5, 4, 3, 4, 4, 6, 3, 3, 4, 3, 5, 4, 4, 4, 5, 5, 7, 4, 3, 6, 3, 5, 5, 4, 5, 3, 6, 4, 3, 4, 3, 4, 6, 5, 3, 4, 5, 4, 4, 2, 3, 2, 4, 5, 4, 6, 7, 6, 3, 2, 4, 5, 5, 4, 3, 6, 4, 5, 5, 3, 3, 4, 5, 5, 4, 3, 5, 5, 7, 3, 4, 6, 6, 5, 6, 4, 5, 3, 5, 4, 5, 3, 4, 3, 5, 2, 4, 7, 9, 5, 7, 4, 2, 4, 4, 6, 4, 7, 5, 4, 5, 4, 4, 2, 4, 5, 5, 4, 5, 5, 8, 5, 5, 4, 5, 3, 3, 2, 5, 8, 2, 3, 2, 5, 4, 2, 3, 5, 6, 6, 4, 5, 9, 3, 5, 5, 6, 7, 3, 2, 3, 4, 7, 4, 4, 4, 6, 4, 3, 6, 4, 5, 4, 2, 2, 4, 7, 3, 5, 6, 3, 6, 5, 3, 4, 4, 4, 4, 5, 5, 5, 5, 4, 4, 5, 5, 4, 4, 3, 4, 3, 4, 5, 5, 5, 2, 5, 4, 3, 3, 3, 4, 3, 4, 5, 2, 4, 5, 4, 4, 5, 5, 9, 6, 6, 2, 3, 7, 3, 3, 3, 3, 4, 4, 6, 5, 3, 5, 4, 4, 9, 4, 6, 3, 4, 4, 5, 5, 5, 2, 4, 5, 5, 3, 5, 5, 5, 2, 5, 5, 3, 3, 5, 3, 3, 3, 4, 3, 5, 6, 6, 4, 4, 4, 4, 4, 6, 3, 7, 2, 5, 7, 6, 5, 4, 6, 4, 7, 4, 3, 5, 3, 4, 7, 3, 4, 7, 6, 3, 2, 7, 3, 3, 4, 5, 5, 4, 2, 5, 4, 4, 4, 2, 4, 4, 3, 5, 4, 3, 6, 4, 5, 4, 3, 4, 5, 4, 5, 3, 3, 6, 4, 5, 4, 4, 4, 3, 3, 5, 5, 4, 4, 3, 5, 3, 3, 4, 4, 4, 6, 3, 2, 4, 5, 7, 7, 3, 2, 3, 6, 2, 4, 3, 5, 3, 4, 4, 3, 4, 4, 4, 4, 5, 7, 6, 5, 5, 4, 4, 6, 9, 5, 6, 4, 3, 2, 3, 2, 3, 5, 3, 6, 5, 2, 5, 5, 4, 4, 3, 3, 2, 3, 4, 6, 5, 4, 5, 5, 3, 5, 3, 4, 4, 4, 4, 4, 4, 4, 8, 4, 4, 8, 3, 3, 7, 5, 7, 6, 4, 5, 3, 4, 4, 3, 2, 5, 4, 3, 5, 3, 6, 5, 3, 6, 4, 3, 2, 5, 5, 8, 3, 4, 5, 4, 6, 5, 5, 4, 3, 5, 4, 6, 4, 5, 4, 6, 3, 6, 2, 6, 5, 5, 5, 5, 4, 3, 6, 2, 4, 4, 5, 6, 6, 5, 2, 2, 4, 3, 3, 2, 5, 6, 2, 3, 6, 5, 3, 4, 2, 5, 5, 4, 3, 5, 5, 3, 4, 4, 4, 2, 3, 4, 3, 4, 4, 4, 4, 7, 5, 3, 4, 3]",1.4076923076923078,34,58,12,88,89,270,0.023046875,0.03515625,2,0.003076923076923077,7680
314525,65655,1296,7,0.0054012345679012,12.791304347826086,9.68039892238748,805,0.3858560794044665,0.5372208436724566,4.558312655086849,"[4, 5, 5, 7, 6, 6, 5, 8, 9, 6, 6, 6, 5, 6, 6, 5, 4, 4, 6, 8, 8, 7, 2, 3, 3, 3, 3, 3, 5, 6, 3, 7, 2, 3, 2, 4, 3, 3, 5, 4, 5, 5, 4, 3, 5, 5, 6, 5, 8, 5, 6, 5, 8, 7, 5, 7, 4, 2, 4, 2, 3, 4, 5, 3, 5, 6, 7, 5, 7, 5, 4, 6, 5, 5, 6, 7, 10, 5, 6, 8, 8, 6, 5, 4, 5, 6, 3, 5, 4, 4, 3, 4, 5, 3, 5, 7, 2, 3, 4, 3, 2, 3, 7, 4, 4, 4, 5, 4, 6, 5, 3, 3, 3, 3, 4, 5, 3, 9, 13, 5, 6, 4, 5, 7, 8, 8, 6, 5, 6, 3, 5, 2, 5, 6, 4, 3, 2, 3, 3, 3, 3, 4, 2, 5, 2, 6, 7, 3, 4, 5, 4, 5, 7, 7, 4, 2, 4, 2, 9, 5, 6, 3, 2, 2, 6, 3, 2, 3, 3, 4, 5, 2, 4, 3, 4, 4, 3, 8, 5, 4, 3, 5, 2, 4, 3, 5, 6, 4, 2, 2, 3, 2, 5, 3, 3, 4, 2, 3, 2, 2, 5, 2, 2, 3, 2, 3, 3, 2, 4, 2, 3, 2, 7, 3, 3, 2, 5, 5, 3, 5, 3, 10, 3, 7, 12, 6, 3, 6, 6, 6, 6, 2, 6, 4, 3, 3, 5, 3, 5, 8, 7, 5, 6, 5, 4, 8, 6, 5, 10, 5, 6, 4, 4, 5, 7, 3, 2, 3, 5, 5, 3, 3, 4, 3, 4, 2, 6, 5, 8, 3, 3, 4, 3, 4, 6, 3, 3, 3, 5, 6, 5, 5, 6, 5, 4, 4, 12, 8, 7, 10, 9, 4, 3, 2, 5, 5, 3, 6, 7, 8, 7, 6, 6, 5, 5, 4, 5, 7, 8, 5, 6, 5, 6, 3, 4, 4, 6, 3, 7, 3, 6, 5, 4, 3, 7, 3, 4, 8, 11, 9, 6, 4, 8, 5, 6, 5, 4, 2, 4, 5, 2, 3, 4, 3, 4, 4, 7, 5, 3, 3, 7, 2, 4, 6, 7, 5, 3, 4, 3, 3, 2, 7, 3, 3, 4, 2, 2, 2, 3, 3, 3, 3, 8, 4, 4, 3, 4, 5, 3, 4, 4, 7, 3, 4, 5, 4, 3, 4, 6, 2, 4, 3, 5, 3, 4, 5, 4, 2, 2, 3, 2, 4, 7, 3, 6, 4, 3, 2, 4, 4, 3, 3, 4, 2, 3, 2, 5, 4, 6, 4, 5, 4, 4, 3, 4, 5, 2, 4, 3, 2, 2, 3, 4, 2, 3, 4, 3, 3, 4, 5, 6, 10, 4, 3, 4, 2, 4, 4, 4, 3, 5, 6, 6, 2, 4, 3, 6, 6, 4, 7, 6, 11, 5, 3, 6, 7, 3, 4, 5, 3, 3, 2, 3, 6, 8, 4, 5, 4, 4, 7, 4, 9, 8, 4, 5, 5, 5, 6, 11, 5, 8, 4, 3, 6, 7, 5, 6, 5, 3, 3, 2, 2, 2, 5, 5, 2, 4, 5, 2, 2, 2, 4, 5, 3, 4, 8, 7, 3, 4, 4, 5, 4, 2, 3, 3, 4, 5, 3, 3, 3, 4, 4, 3, 4, 2, 5, 4, 4, 6, 6, 5, 4, 4, 2, 2, 3, 3, 6, 8, 5, 5, 4, 3, 3, 3, 4, 3, 4, 2, 3, 4, 5, 6, 3, 6, 2, 4, 5, 2, 2, 4, 2, 2, 3, 8, 4, 2, 2, 2, 5, 4, 4, 2, 4, 2, 3, 4, 6, 4, 7, 10, 3, 6, 2, 2, 4, 3, 4, 2, 3, 4, 5, 4, 7, 6, 4, 15, 5, 8, 5, 6, 6, 2, 4, 6, 4, 4, 2, 4, 6, 3, 5, 4, 4, 2, 3, 3, 2, 3, 2, 2, 10, 2, 4, 2, 5, 5, 5, 4, 6, 5, 5, 5, 8, 9, 4, 4, 6, 3, 3, 4, 4, 3, 3, 3, 4, 4, 2, 4, 3, 4, 4, 3, 6, 5, 4, 3, 5, 8, 6, 3, 5, 5, 5, 5, 6, 8, 3, 8, 4, 6, 4, 10, 6, 5, 5, 7, 4, 4, 3, 4, 6, 3, 5, 4, 4, 2, 2, 5, 2, 6, 2, 3, 3, 4, 4, 5, 3, 3, 9, 7, 6, 5, 4, 4, 3, 2, 5, 4, 2, 4, 6, 6, 3, 4, 2, 4, 4, 8, 6, 6, 4, 4, 3, 5, 6, 5, 5, 4, 7, 5, 5, 6, 3, 3, 2, 4, 3, 3, 5, 8, 4, 8, 6, 11, 6, 4, 4, 7, 4, 6, 5, 4, 6, 2, 10, 5, 5, 5, 4, 7, 5, 9, 5, 5, 6, 7, 9, 7, 4, 3, 5, 3, 7, 5, 5, 5, 5, 6, 10, 4, 3, 3, 8, 10, 5, 2, 3, 9, 4, 8, 8, 5, 7, 8, 8]",2.130434782608696,32,114,61,144,179,361,0.03136835971642226,0.035058754977177815,30,0.037267080745341616,10297
23256,54564,2321,19,0.0081861266695389,8.083505154639175,4.894367783322521,970,0.18694362017804153,0.21167161226508407,3.757665677546983,"[5, 5, 5, 4, 3, 3, 7, 3, 5, 6, 6, 3, 3, 5, 5, 4, 5, 4, 6, 5, 3, 2, 4, 2, 2, 3, 3, 5, 4, 2, 3, 4, 5, 2, 2, 3, 2, 2, 6, 6, 2, 4, 2, 2, 3, 5, 5, 5, 3, 4, 7, 6, 2, 3, 6, 3, 4, 5, 4, 3, 4, 3, 4, 4, 5, 5, 2, 4, 8, 7, 3, 3, 4, 4, 6, 4, 5, 3, 4, 7, 3, 9, 4, 3, 4, 2, 3, 5, 3, 3, 3, 3, 2, 5, 3, 3, 4, 3, 3, 3, 3, 4, 3, 4, 4, 5, 3, 3, 4, 3, 3, 4, 4, 5, 2, 5, 4, 2, 2, 3, 4, 2, 6, 3, 3, 4, 3, 5, 2, 2, 8, 4, 3, 3, 3, 3, 3, 3, 2, 5, 3, 5, 3, 5, 7, 4, 5, 5, 2, 4, 4, 6, 4, 4, 4, 3, 5, 2, 8, 4, 4, 3, 5, 5, 6, 4, 4, 2, 5, 5, 5, 3, 3, 4, 6, 3, 2, 3, 6, 6, 8, 4, 4, 3, 5, 3, 3, 3, 3, 4, 2, 3, 4, 7, 3, 4, 5, 2, 4, 4, 4, 4, 5, 4, 4, 4, 3, 3, 4, 4, 4, 3, 6, 4, 5, 7, 4, 3, 2, 4, 3, 4, 5, 6, 4, 5, 3, 3, 2, 2, 2, 4, 2, 4, 5, 2, 4, 4, 2, 4, 2, 6, 4, 3, 3, 5, 4, 5, 4, 3, 6, 4, 4, 3, 3, 5, 4, 3, 3, 4, 3, 5, 3, 2, 3, 4, 3, 4, 6, 3, 3, 10, 4, 3, 3, 5, 3, 6, 4, 5, 4, 4, 6, 2, 3, 4, 4, 3, 2, 5, 4, 3, 2, 3, 4, 3, 7, 3, 2, 4, 4, 7, 4, 5, 5, 3, 3, 5, 6, 6, 5, 4, 4, 4, 4, 4, 4, 2, 3, 3, 3, 3, 2, 4, 3, 3, 4, 4, 4, 3, 2, 3, 4, 3, 4, 3, 4, 3, 5, 5, 3, 5, 3, 3, 4, 3, 2, 4, 3, 3, 3, 3, 6, 8, 4, 4, 4, 5, 3, 3, 3, 3, 4, 4, 4, 2, 3, 2, 2, 4, 6, 2, 4, 4, 5, 4, 5, 4, 2, 3, 3, 3, 2, 4, 4, 5, 3, 3, 5, 3, 4, 4, 5, 5, 4, 6, 6, 4, 3, 4, 3, 6, 5, 2, 4, 4, 2, 3, 7, 3, 3, 2, 4, 6, 4, 2, 3, 2, 5, 4, 3, 3, 5, 4, 2, 4, 4, 5, 4, 3, 3, 4, 3, 4, 4, 2, 3, 3, 4, 5, 5, 3, 7, 4, 4, 5, 4, 4, 2, 3, 5, 4, 4, 3, 5, 4, 5, 2, 3, 4, 3, 3, 3, 3, 4, 2, 4, 2, 5, 2, 3, 3, 2, 3, 4, 5, 4, 3, 3, 4, 4, 3, 4, 4, 4, 4, 5, 4, 4, 4, 9, 4, 5, 3, 2, 2, 4, 3, 2, 5, 3, 2, 5, 5, 3, 4, 4, 2, 3, 4, 3, 5, 5, 3, 6, 6, 4, 4, 4, 7, 3, 2, 4, 4, 3, 5, 2, 5, 4, 3, 2, 4, 2, 4, 5, 4, 4, 4, 5, 4, 5, 2, 3, 4, 2, 6, 3, 3, 4, 3, 3, 3, 5, 4, 3, 3, 3, 3, 7, 4, 3, 6, 4, 2, 5, 4, 4, 4, 3, 4, 4, 6, 4, 4, 3, 3, 4, 6, 6, 4, 5, 6, 3, 5, 4, 5, 5, 5, 3, 3, 3, 3, 3, 4, 3, 7, 4, 4, 3, 3, 2, 3, 3, 5, 4, 4, 5, 4, 6, 3, 3, 2, 3, 2, 3, 3, 3, 4, 7, 4, 2, 3, 4, 3, 5, 1, 2, 5, 4, 4, 4, 3, 5, 3, 5, 6, 5, 4, 3, 5, 4, 5, 3, 4, 3, 3, 3, 3, 2, 2, 2, 2, 3, 2, 2, 2, 2, 3, 2, 4, 4, 5, 4, 4, 5, 3, 4, 2, 5, 2, 3, 4, 2, 3, 3, 3, 3, 4, 4, 5, 4, 4, 2, 2, 4, 4, 3, 3, 3, 3, 3, 3, 4, 5, 2, 3, 3, 3, 3, 4, 2, 3, 3, 2, 2, 3, 2, 2, 7, 3, 3, 3, 2, 3, 3, 4, 3, 2, 2, 4, 3, 2, 5, 5, 4, 5, 3, 4, 4, 4, 4, 9, 4, 2, 4, 5, 4, 5, 4, 4, 2, 2, 3, 6, 4, 3, 5, 5, 3, 4, 4, 3, 4, 6, 3, 4, 4, 3, 2, 4, 5, 3, 4, 4, 4, 3, 2, 3, 3, 2, 4, 4, 3, 5, 5, 3, 3, 4, 3, 3, 3, 3, 6, 3, 2, 4, 4, 4, 6, 5, 3, 3, 9, 4, 4, 3, 3, 6, 4, 4, 2, 4, 4, 5, 5, 3, 3, 3, 5, 5, 4, 5, 5, 4, 3, 2, 4, 4, 5, 3, 2, 3, 3, 2, 4, 4, 4, 2, 4, 3, 3, 3, 3, 5, 3, 3, 3, 4, 4, 5, 3, 3, 2, 2, 2, 3, 3, 5, 4, 5, 4, 3, 3, 3, 2, 3, 4, 3, 3, 4, 3, 2, 3, 3, 3, 3, 5, 4, 6, 5, 3, 3, 4, 6, 3, 3, 3, 2, 5, 5, 2, 3, 4, 2, 4, 3, 4, 2, 3, 3, 3, 3, 5, 4, 3, 3, 4, 4, 4, 3, 5, 2, 5, 3, 10, 3, 1, 2, 3, 3, 5, 3, 3, 5, 2, 3, 4, 5, 5, 3, 7, 3, 3, 4, 4, 4, 5, 9, 5, 5, 3, 3, 2, 3, 5, 3, 2, 3, 4, 7, 4, 2, 3, 3, 3, 3, 3, 2, 5, 4, 4, 3, 2, 5, 2, 3, 7, 4, 4, 5, 6, 5, 4, 10, 5, 4, 4, 4, 4, 2, 3, 3, 3, 2, 4, 6, 2, 6, 3, 4, 2, 3, 2, 6, 5, 5, 3, 4, 3, 4, 4, 3, 5, 5, 2, 6, 4, 3, 3, 6, 3, 3, 3, 4, 3, 5, 4, 5, 2, 2, 3]",0.9814432989690721,163,162,0,78,109,217,0.02384899885218722,0.027675041448794797,385,0.39690721649484534,7841
44779,29489,2507,10,0.0039888312724371,10.16904761904762,7.993284415652742,420,0.28941176470588237,0.3552941176470588,4.275294117647059,"[4, 8, 4, 2, 2, 7, 4, 6, 3, 2, 5, 6, 8, 5, 4, 5, 4, 5, 2, 2, 7, 4, 4, 3, 4, 3, 4, 8, 6, 5, 5, 6, 4, 3, 3, 2, 2, 2, 5, 4, 2, 2, 5, 3, 6, 3, 3, 4, 3, 2, 3, 7, 5, 4, 4, 2, 3, 6, 3, 5, 9, 7, 3, 8, 4, 8, 3, 6, 6, 2, 4, 5, 7, 6, 8, 5, 2, 2, 11, 3, 2, 4, 6, 10, 3, 2, 2, 10, 3, 3, 2, 6, 3, 3, 2, 2, 6, 10, 5, 6, 4, 4, 3, 4, 5, 7, 2, 4, 7, 6, 9, 4, 3, 6, 3, 3, 2, 2, 2, 7, 6, 2, 4, 4, 3, 4, 5, 7, 5, 6, 3, 2, 2, 2, 2, 6, 4, 4, 5, 5, 5, 4, 5, 8, 3, 7, 10, 2, 3, 2, 8, 2, 2, 3, 5, 4, 3, 2, 2, 2, 2, 2, 2, 4, 4, 2, 6, 2, 3, 5, 2, 4, 7, 4, 4, 7, 4, 5, 6, 3, 5, 2, 4, 4, 2, 2, 2, 5, 4, 5, 2, 8, 4, 4, 6, 2, 9, 3, 7, 3, 3, 3, 4, 4, 7, 9, 5, 3, 3, 5, 2, 5, 4, 5, 7, 7, 8, 8, 8, 5, 3, 5, 7, 3, 3, 7, 6, 5, 12, 5, 6, 3, 4, 3, 4, 3, 4, 5, 4, 2, 2, 4, 2, 8, 6, 3, 7, 5, 5, 4, 4, 6, 4, 4, 3, 2, 8, 2, 12, 4, 5, 5, 4, 4, 5, 3, 2, 4, 4, 5, 5, 7, 5, 7, 3, 2, 2, 4, 4, 6, 2, 6, 3, 6, 9, 4, 3, 2, 6, 6, 6, 4, 3, 8, 7, 4, 3, 6, 3, 3, 2, 2, 4, 7, 2, 2, 2, 3, 2, 2, 3, 2, 3, 6, 5, 5, 4, 3, 2, 3, 6, 6, 4, 3, 6, 5, 4, 6, 5, 6, 5, 4, 3, 4, 2, 7, 3, 2, 6, 4, 6, 9, 3, 4, 4, 7, 4, 4, 2, 3, 2, 6, 4, 4, 8, 8, 3, 3, 4, 5, 3, 3, 3, 5, 5, 5, 5, 3, 3, 4, 2, 3, 2, 3, 2, 6, 3, 2, 6, 9, 5, 3, 3, 5, 4, 2, 2, 4, 5, 3, 2, 7, 6, 4, 2, 2, 2, 6, 5, 4, 7, 8, 3, 3, 3, 5, 3, 2, 2, 2, 2, 6, 3, 5, 3, 3, 5, 2, 2, 2, 2, 2, 4, 2, 4]",1.1142857142857143,0,18,2,89,46,175,0.031608522594240226,0.0409740107703114,0,0.0,4271
201,20075,5739,43,0.0074925945286635,11.864541832669323,7.581924405402828,251,0.1952191235059761,0.2151394422310757,4.390438247011952,"[3, 4, 4, 3, 4, 6, 5, 3, 5, 4, 3, 6, 5, 4, 3, 3, 6, 6, 6, 6, 6, 9, 3, 5, 5, 4, 9, 5, 6, 6, 6, 5, 5, 6, 5, 4, 3, 6, 4, 4, 9, 4, 3, 6, 5, 3, 4, 6, 4, 3, 3, 6, 3, 3, 2, 4, 4, 5, 4, 5, 6, 5, 3, 4, 6, 3, 6, 3, 5, 5, 4, 5, 6, 5, 5, 2, 5, 6, 6, 3, 5, 5, 3, 5, 6, 5, 6, 3, 4, 4, 6, 3, 4, 4, 4, 4, 3, 3, 4, 8, 4, 6, 3, 4, 4, 3, 3, 8, 5, 4, 4, 5, 4, 4, 5, 4, 4, 3, 4, 5, 8, 4, 4, 4, 4, 4, 3, 5, 8, 4, 2, 3, 3, 4, 4, 2, 4, 3, 4, 4, 7, 6, 4, 5, 3, 3, 3, 3, 4, 4, 6, 3, 4, 3, 4, 7, 2, 5, 6, 5, 3, 3, 5, 5, 4, 3, 3, 4, 3, 5, 4, 4, 5, 5, 4, 3, 6, 4, 4, 5, 4, 5, 4, 4, 4, 5, 3, 7, 4, 4, 4, 2, 5, 5, 3, 3, 4, 5, 6, 6, 5, 3, 5, 5, 4, 4, 3, 4, 3, 3, 4, 5, 4, 4, 5, 5, 5, 2, 4, 3, 6, 4, 4, 4, 4, 3, 2, 2, 8, 4, 5, 6, 4, 6, 3, 3, 5, 4, 2, 4, 4, 3, 4, 5, 5, 5, 3, 9, 7, 3, 5]",1.8685258964143425,11,14,6,62,56,42,0.039623908663532575,0.014103425117528543,26,0.10358565737051793,2978
18334,31103,4239,46,0.0108516159471573,11.744303797468355,9.019602831467807,395,0.29846938775510207,0.40561224489795916,4.545918367346939,"[4, 6, 6, 6, 4, 5, 11, 5, 3, 8, 10, 4, 10, 6, 2, 3, 5, 4, 7, 5, 3, 5, 3, 5, 3, 4, 3, 2, 4, 2, 5, 5, 3, 3, 3, 5, 3, 6, 2, 5, 4, 4, 4, 3, 4, 7, 5, 2, 3, 3, 5, 4, 3, 2, 7, 5, 5, 3, 4, 4, 5, 3, 2, 2, 3, 3, 2, 6, 4, 3, 10, 3, 3, 3, 5, 4, 3, 4, 2, 2, 2, 7, 12, 6, 5, 4, 3, 6, 3, 4, 2, 4, 4, 4, 5, 7, 4, 3, 6, 8, 12, 6, 7, 10, 7, 5, 6, 10, 6, 2, 5, 4, 4, 3, 3, 4, 5, 4, 4, 4, 3, 5, 3, 4, 2, 2, 5, 2, 5, 6, 2, 7, 4, 6, 4, 4, 5, 5, 4, 4, 5, 5, 6, 5, 2, 4, 3, 7, 6, 4, 5, 5, 6, 6, 9, 5, 13, 5, 5, 6, 7, 3, 3, 3, 4, 5, 3, 4, 4, 4, 6, 2, 3, 6, 4, 9, 6, 5, 4, 5, 5, 4, 4, 7, 8, 7, 2, 5, 6, 3, 9, 4, 4, 6, 4, 4, 4, 6, 3, 2, 3, 5, 3, 6, 5, 3, 3, 4, 6, 3, 4, 3, 4, 5, 7, 2, 2, 2, 3, 3, 2, 8, 3, 3, 4, 10, 4, 3, 5, 3, 2, 4, 5, 11, 3, 4, 4, 4, 3, 2, 2, 4, 4, 5, 3, 4, 6, 8, 8, 5, 7, 8, 4, 7, 5, 3, 4, 3, 5, 9, 4, 5, 7, 5, 6, 9, 3, 6, 3, 5, 4, 2, 2, 2, 3, 5, 2, 2, 2, 6, 3, 2, 4, 3, 3, 3, 3, 4, 3, 4, 2, 6, 2, 7, 5, 6, 5, 4, 4, 7, 4, 4, 2, 4, 2, 6, 3, 2, 2, 4, 3, 5, 2, 5, 5, 7, 3, 5, 5, 5, 6, 3, 2, 5, 4, 3, 4, 2, 3, 5, 3, 5, 5, 2, 6, 6, 2, 2, 5, 5, 6, 6, 5, 4, 7, 8, 7, 6, 8, 5, 2, 5, 6, 8, 3, 12, 3, 6, 8, 3, 3, 4, 5, 6, 3, 7, 6, 3, 6, 3, 3, 5, 4, 5, 6, 2, 3, 3, 4, 5, 5, 2, 4, 3, 3, 3, 7, 7, 7, 6, 5, 8]",1.3974683544303796,25,30,7,58,68,175,0.027161026083207588,0.03772364733778832,88,0.22278481012658227,4639
270607,30590,1456,15,0.0103021978021978,8.923076923076923,6.321117127464926,507,0.2450592885375494,0.26877470355731226,4.015810276679842,"[2, 7, 6, 8, 7, 7, 6, 5, 6, 8, 6, 2, 6, 2, 8, 4, 3, 5, 7, 5, 10, 3, 4, 2, 6, 6, 3, 3, 4, 4, 7, 4, 8, 4, 3, 3, 4, 4, 6, 4, 4, 4, 5, 7, 8, 5, 4, 5, 4, 2, 3, 8, 4, 3, 3, 3, 7, 6, 6, 5, 5, 4, 6, 4, 5, 4, 6, 5, 2, 6, 3, 6, 2, 3, 2, 3, 4, 6, 3, 2, 3, 3, 5, 3, 3, 5, 3, 6, 5, 6, 4, 4, 2, 3, 3, 4, 5, 2, 3, 2, 3, 2, 5, 3, 2, 4, 4, 6, 4, 4, 4, 3, 3, 4, 2, 4, 3, 4, 4, 5, 4, 6, 2, 4, 4, 4, 2, 4, 2, 4, 2, 2, 3, 3, 3, 4, 6, 5, 4, 2, 3, 3, 2, 6, 3, 2, 2, 5, 5, 3, 4, 4, 7, 5, 4, 2, 4, 2, 2, 2, 6, 3, 4, 3, 5, 4, 7, 5, 7, 3, 3, 2, 3, 5, 6, 3, 6, 2, 5, 6, 3, 3, 5, 2, 3, 6, 6, 3, 4, 2, 4, 6, 4, 3, 6, 3, 3, 6, 4, 6, 3, 5, 7, 2, 5, 4, 6, 6, 4, 3, 5, 5, 3, 2, 5, 5, 7, 5, 5, 5, 2, 2, 2, 2, 2, 3, 4, 3, 2, 2, 4, 5, 3, 5, 3, 4, 2, 4, 5, 2, 4, 3, 2, 2, 6, 2, 2, 3, 4, 8, 2, 2, 2, 4, 3, 3, 2, 2, 2, 2, 4, 6, 4, 2, 2, 4, 5, 2, 5, 5, 4, 6, 3, 3, 6, 3, 8, 4, 2, 2, 4, 9, 5, 4, 2, 3, 6, 6, 2, 4, 3, 3, 4, 6, 13, 7, 4, 5, 3, 5, 4, 4, 3, 6, 5, 6, 5, 6, 5, 3, 5, 2, 3, 4, 4, 4, 5, 3, 5, 6, 4, 2, 4, 5, 2, 2, 5, 4, 4, 5, 5, 5, 4, 5, 7, 5, 6, 5, 2, 2, 3, 6, 4, 6, 9, 6, 3, 4, 3, 4, 6, 3, 4, 3, 4, 3, 4, 3, 3, 9, 6, 4, 5, 2, 4, 3, 5, 4, 3, 3, 5, 5, 3, 4, 4, 2, 4, 3, 2, 6, 2, 2, 7, 2, 6, 2, 2, 5, 5, 5, 5, 2, 6, 3, 3, 4, 5, 6, 8, 5, 6, 4, 3, 5, 4, 2, 4, 3, 4, 2, 3, 5, 3, 4, 3, 4, 4, 5, 6, 2, 2, 5, 7, 2, 3, 2, 3, 6, 6, 4, 2, 7, 3, 3, 6, 3, 2, 3, 3, 4, 4, 4, 3, 3, 4, 3, 2, 2, 2, 2, 4, 3, 4, 3, 7, 2, 2, 2, 2, 2, 5, 2, 5, 5, 4, 3, 3, 2, 2, 6, 3, 2, 4, 3, 3, 2, 3, 7, 6, 2, 5, 3, 3, 5, 5, 2, 3, 3, 2, 5, 2, 3, 3, 3, 2, 5, 5, 4, 2, 3, 7, 3, 5, 5, 7, 3]",0.873767258382643,27,50,53,83,58,160,0.03116710875331565,0.03536693191865606,95,0.1873767258382643,4524
335715,25106,1166,12,0.0102915951972555,8.627450980392156,5.146604875215064,459,0.2145922746781116,0.2553648068669528,3.9055793991416308,"[4, 6, 8, 5, 4, 4, 6, 4, 2, 4, 5, 7, 6, 7, 6, 5, 4, 4, 3, 5, 2, 2, 3, 5, 3, 3, 6, 3, 7, 7, 4, 3, 3, 4, 4, 3, 5, 4, 5, 6, 4, 4, 4, 6, 3, 4, 4, 4, 3, 3, 2, 4, 2, 4, 4, 8, 5, 3, 4, 2, 3, 3, 4, 3, 4, 2, 3, 5, 4, 4, 2, 3, 4, 3, 3, 3, 3, 2, 4, 2, 4, 5, 4, 5, 4, 4, 7, 4, 5, 4, 4, 4, 3, 5, 3, 2, 6, 5, 3, 4, 3, 4, 5, 3, 4, 3, 2, 4, 4, 3, 5, 3, 6, 4, 4, 3, 2, 3, 5, 4, 4, 3, 4, 3, 3, 5, 3, 4, 4, 4, 4, 5, 6, 2, 4, 5, 5, 4, 4, 4, 5, 4, 4, 4, 3, 2, 4, 2, 3, 7, 3, 6, 2, 5, 2, 4, 4, 5, 5, 3, 3, 4, 7, 3, 4, 4, 2, 2, 5, 3, 4, 5, 5, 5, 5, 2, 3, 3, 4, 6, 4, 6, 5, 5, 4, 4, 4, 4, 4, 2, 3, 4, 5, 7, 6, 2, 4, 2, 3, 3, 3, 3, 6, 3, 6, 3, 4, 5, 2, 5, 8, 6, 4, 4, 3, 4, 4, 4, 5, 3, 4, 4, 4, 3, 5, 3, 5, 5, 2, 4, 6, 5, 3, 4, 4, 3, 4, 3, 5, 5, 2, 3, 3, 3, 5, 2, 2, 5, 3, 4, 4, 3, 4, 3, 5, 3, 4, 4, 5, 5, 4, 5, 3, 2, 5, 3, 5, 4, 4, 4, 4, 4, 4, 3, 3, 3, 2, 4, 4, 2, 5, 6, 2, 6, 3, 8, 5, 2, 2, 4, 2, 3, 3, 2, 2, 4, 2, 2, 6, 4, 4, 3, 2, 5, 4, 5, 7, 4, 8, 4, 2, 3, 2, 4, 4, 4, 4, 3, 2, 3, 4, 4, 4, 5, 5, 4, 3, 6, 5, 5, 4, 2, 4, 4, 3, 3, 4, 5, 6, 6, 3, 4, 5, 5, 7, 2, 4, 5, 2, 5, 5, 4, 2, 4, 6, 8, 5, 4, 2, 5, 2, 5, 6, 5, 6, 5, 6, 5, 3, 3, 4, 4, 3, 7, 3, 4, 4, 5, 8, 2, 6, 3, 4, 2, 3, 2, 3, 3, 6, 3, 3, 3, 2, 2, 3, 3, 5, 3, 4, 4, 3, 4, 6, 4, 6, 3, 3, 4, 3, 3, 4, 2, 3, 3, 2, 6, 2, 5, 6, 5, 3, 2, 3, 4, 4, 5, 3, 2, 4, 4, 6, 2, 4, 3, 3, 3, 4, 3, 3, 2, 3, 2, 2, 4, 2, 5, 2, 3, 3, 5, 4, 4, 3, 4, 3, 4, 6, 2, 2, 3, 6, 5, 2, 5, 2, 2]",0.8344226579520697,20,10,39,36,26,94,0.015656565656565657,0.023737373737373738,29,0.06318082788671024,3960
30407,34912,2540,12,0.0047244094488188,10.474747474747474,7.442279147803763,495,0.253411306042885,0.31189083820662766,4.124756335282651,"[5, 5, 4, 4, 4, 4, 5, 4, 5, 4, 3, 3, 5, 2, 2, 2, 3, 4, 2, 2, 6, 3, 4, 4, 5, 3, 3, 4, 5, 4, 6, 5, 4, 4, 5, 5, 3, 2, 3, 6, 3, 2, 3, 3, 3, 4, 3, 3, 5, 5, 4, 3, 9, 6, 5, 6, 2, 4, 4, 6, 4, 2, 7, 8, 4, 6, 4, 4, 2, 6, 3, 3, 5, 4, 4, 3, 4, 3, 4, 5, 4, 2, 3, 5, 2, 3, 4, 4, 4, 3, 4, 2, 2, 2, 7, 7, 4, 4, 2, 3, 6, 2, 5, 4, 4, 9, 7, 5, 6, 9, 7, 6, 8, 5, 3, 6, 4, 6, 9, 6, 4, 6, 4, 8, 4, 5, 4, 4, 4, 2, 8, 2, 5, 5, 2, 4, 3, 4, 3, 2, 4, 3, 4, 6, 5, 2, 4, 2, 2, 5, 4, 3, 4, 7, 3, 3, 8, 4, 5, 6, 6, 6, 5, 6, 4, 5, 3, 5, 3, 3, 2, 4, 5, 3, 5, 4, 4, 5, 5, 3, 4, 3, 3, 5, 2, 4, 5, 4, 4, 6, 5, 3, 3, 3, 4, 4, 4, 2, 2, 3, 9, 2, 5, 7, 7, 7, 4, 3, 5, 4, 2, 4, 4, 5, 4, 4, 5, 5, 6, 3, 4, 3, 3, 5, 4, 3, 4, 4, 10, 3, 6, 4, 4, 3, 2, 5, 2, 8, 2, 3, 6, 6, 4, 3, 3, 4, 3, 5, 4, 4, 3, 2, 2, 4, 5, 3, 5, 3, 5, 3, 5, 2, 4, 4, 2, 3, 5, 2, 4, 5, 3, 5, 4, 4, 3, 8, 4, 3, 4, 5, 6, 6, 3, 3, 4, 3, 2, 2, 3, 7, 3, 3, 3, 3, 2, 4, 4, 4, 3, 3, 2, 3, 5, 3, 2, 3, 3, 2, 3, 4, 2, 4, 4, 4, 3, 5, 5, 4, 5, 4, 2, 3, 4, 4, 2, 4, 4, 5, 4, 6, 5, 3, 8, 4, 4, 8, 4, 2, 4, 7, 5, 3, 7, 8, 5, 2, 6, 8, 5, 4, 4, 3, 6, 4, 5, 3, 6, 3, 8, 3, 5, 4, 3, 2, 2, 4, 3, 2, 4, 3, 6, 2, 5, 3, 2, 4, 5, 5, 3, 2, 4, 4, 4, 4, 9, 10, 4, 5, 7, 4, 6, 6, 4, 2, 5, 2, 4, 8, 3, 5, 3, 4, 4, 2, 6, 5, 7, 3, 3, 5, 4, 2, 3, 4, 6, 3, 6, 2, 6, 6, 6, 3, 4, 4, 5, 4, 4, 4, 7, 5, 2, 4, 4, 3, 3, 4, 5, 4, 4, 4, 4, 2, 2, 2, 11, 4, 4, 4, 3, 4, 3, 3, 4, 3, 3, 3, 3, 5, 3, 2, 4, 6, 3, 6, 2, 3, 2, 4, 6, 5, 3, 5, 3, 3, 6, 6, 4, 8, 3, 5, 3, 7, 5, 2, 4, 4, 3, 6, 5, 6, 7, 3, 3, 3, 4, 3, 2, 3, 4, 3, 2, 4, 3, 4, 3, 3, 2, 3, 2, 5, 2, 7, 4]",1.1414141414141414,49,71,3,63,28,135,0.017550626808100288,0.026036644165863067,131,0.26464646464646463,5185
